event,h_km,payload,phase_deg,seed,completion_event_h,resource_matched,weather_fuel_saving_pct,weather_rms_improvement_pct,mpc_event_rms,frozen_event_rms
Feb2022,400.0,False,0.0,0,96.16666666666667,True,0.05315178257681799,-14.43816437798749,1.1600054665036201,1.013652633112971
Feb2022,400.0,False,0.0,1,96.16666666666667,True,0.055311772810989784,-11.239081041578089,1.1220969961224705,1.0087255177009793
Feb2022,400.0,False,0.0,2,96.16666666666667,True,0.045822901702461255,-12.263533653218497,1.1200107780299586,0.9976621451179921
Feb2022,400.0,False,0.0,3,96.16666666666667,True,0.05565008642956835,-14.054556128976033,1.138639106778418,0.9983284714122368
Feb2022,400.0,False,0.0,4,96.16666666666667,True,0.0624591730494117,-13.218193479851239,1.1073043991098208,0.9780269098772373
Feb2022,400.0,False,180.0,0,96.91666666666667,True,0.05375757241546679,-14.744987532414708,1.160517692765808,1.0113885736733985
Feb2022,400.0,False,180.0,1,96.91666666666667,True,0.06229768761019019,-9.905418951361739,1.1473383349524144,1.0439324520114563
Feb2022,400.0,False,180.0,2,96.91666666666667,True,0.05635493535893647,-10.912192164882399,1.1985348327851226,1.0806159443710004
Feb2022,400.0,False,180.0,3,96.91666666666667,True,0.05203380054188293,-12.302230267993846,1.1649522068172153,1.037336662003254
Feb2022,400.0,False,180.0,4,96.91666666666667,True,0.046753424911517544,-10.919345465476953,1.204756154350448,1.0861551240630263
Feb2022,400.0,True,0.0,0,96.16666666666667,True,0.04703988151987212,-14.477508433790133,1.1643654668522179,1.017112865909068
Feb2022,400.0,True,0.0,1,96.16666666666667,True,0.05404381274868882,-11.585542289757495,1.1369332588931975,1.0188893969264308
Feb2022,400.0,True,0.0,2,96.16666666666667,True,0.037848340637255964,-12.28750646744505,1.130870694737707,1.0071206764802232
Feb2022,400.0,True,0.0,3,96.16666666666667,True,0.053166448037351065,-14.560220710091183,1.156778572418797,1.0097558866844087
Feb2022,400.0,True,0.0,4,96.16666666666667,True,0.05400936532833128,-12.789314416680496,1.1152595780940546,0.9887989689997779
Feb2022,400.0,True,180.0,0,96.91666666666667,True,0.059206095911008776,-14.937827872311606,1.1721682138410676,1.0198280544706915
Feb2022,400.0,True,180.0,1,96.91666666666667,True,0.0666520406814816,-10.258442565508432,1.1614886386779997,1.0534237666089998
Feb2022,400.0,True,180.0,2,96.91666666666667,True,0.062079372303696756,-11.406758917074981,1.2146870256970954,1.0903171742041622
Feb2022,400.0,True,180.0,3,96.91666666666667,True,0.053889984263112575,-12.785334856756231,1.1806613395252463,1.046821682113861
Feb2022,400.0,True,180.0,4,96.91666666666667,True,0.05108109670167644,-11.365968486843162,1.2179336429836554,1.0936317975159016
Feb2022,550.0,False,0.0,0,96.58333333333333,True,-0.002809572605147171,-29.381663165781397,0.5463615558709644,0.4222867000642058
Feb2022,550.0,False,0.0,1,96.58333333333333,True,-0.0076365569236570155,-12.506125844945483,0.5834829555475008,0.5186232759909
Feb2022,550.0,False,0.0,2,96.58333333333333,True,0.038303228167977384,-14.467345179177482,0.45155375714056056,0.3944825980140769
Feb2022,550.0,False,0.0,3,96.58333333333333,True,0.003660533374288146,-4.143280648230365,0.5122109285229719,0.4918329107118209
Feb2022,550.0,False,0.0,4,96.58333333333333,True,-0.021663315716991368,-20.522558363688454,0.5374376290003913,0.44592285153674
Feb2022,550.0,False,180.0,0,97.41666666666667,True,0.08552484497543462,-25.586426922904167,0.5356031648149056,0.4264817289082563
Feb2022,550.0,False,180.0,1,97.41666666666667,True,0.09937864127243455,-10.849351240038425,0.5648206987520958,0.5095390206921522
Feb2022,550.0,False,180.0,2,97.41666666666667,True,0.03445103612635488,-16.17634739478323,0.4559002101413505,0.3924208501685277
Feb2022,550.0,False,180.0,3,97.41666666666667,True,0.08586737419309161,-1.2068512741396884,0.5025877464420088,0.4965945883254938
Feb2022,550.0,False,180.0,4,97.41666666666667,True,0.05458917425357512,-19.800889679415047,0.5293460148178155,0.44185482781833724
Feb2022,550.0,True,0.0,0,96.58333333333333,True,-0.005737611906167535,-28.9831084267657,0.5438789647017038,0.4216668146205428
Feb2022,550.0,True,0.0,1,96.58333333333333,True,-0.008181970463158397,-11.988090930245896,0.5864203240948129,0.5236452547977418
Feb2022,550.0,True,0.0,2,96.58333333333333,True,0.03578671973054123,-14.51960063388509,0.454039408623335,0.39647309815101617
Feb2022,550.0,True,0.0,3,96.58333333333333,True,0.0027614200951423537,-4.540110196602191,0.5146567408078299,0.4923055273616475
Feb2022,550.0,True,0.0,4,96.58333333333333,True,-0.022656735918269458,-20.830155192015752,0.5429115758624691,0.4493179496456889
Feb2022,550.0,True,180.0,0,97.41666666666667,True,0.08361028926516889,-24.68338221145204,0.537322847390258,0.4309498490175746
Feb2022,550.0,True,180.0,1,97.41666666666667,True,0.09768978186864408,-11.041041913673585,0.565269357801928,0.5090634490275985
Feb2022,550.0,True,180.0,2,97.41666666666667,True,0.03360669601166247,-16.9459994238565,0.4606591923002111,0.3939076108372105
Feb2022,550.0,True,180.0,3,97.41666666666667,True,0.07775169988837757,-1.5467666176501829,0.504736300420976,0.4970481259353521
Feb2022,550.0,True,180.0,4,97.41666666666667,True,0.0507799445201102,-20.309185420010778,0.533140757628411,0.44314218882553813
Mar2015,400.0,False,0.0,0,96.33333333333333,True,0.2952312131045602,-3.2928433816052434,1.3340838902397105,1.2915550066823787
Mar2015,400.0,False,0.0,1,96.33333333333333,True,0.312206668206488,-3.313593334941561,1.2982866745013044,1.256646519197404
Mar2015,400.0,False,0.0,2,96.33333333333333,True,0.32002872314043357,-3.076939146905627,1.3933953304730082,1.3518012292615094
Mar2015,400.0,False,0.0,3,96.33333333333333,True,0.3130728243773784,-3.9980486923052814,1.3626158282791596,1.3102321105184143
Mar2015,400.0,False,0.0,4,96.33333333333333,True,0.29652515580010064,-0.8465304271551853,1.3760090103235378,1.3644584543416445
Mar2015,400.0,False,180.0,0,97.08333333333333,True,0.2473509226928495,-3.055517185456169,1.3352827687103046,1.2956926569077933
Mar2015,400.0,False,180.0,1,97.08333333333333,True,0.3365771694153105,-3.3758447874427064,1.3163451563054618,1.2733585481328624
Mar2015,400.0,False,180.0,2,97.08333333333333,True,0.30408019442809653,-3.3493737226050473,1.4285494774485767,1.3822526697480295
Mar2015,400.0,False,180.0,3,97.08333333333333,True,0.3482474877690028,-3.156530153754446,1.3517064485092458,1.3103450130539793
Mar2015,400.0,False,180.0,4,97.08333333333333,True,0.26862813866709806,-2.3826697516522493,1.3803018900659643,1.3481792313231693
Mar2015,400.0,True,0.0,0,96.33333333333333,True,0.31231806664584777,-3.2417161452203214,1.342868022987117,1.3007029262262864
Mar2015,400.0,True,0.0,1,96.33333333333333,True,0.33431824475654054,-3.286035230732349,1.311367552136286,1.2696465201774865
Mar2015,400.0,True,0.0,2,96.33333333333333,True,0.32990081730989607,-3.1821416880822215,1.399663809642754,1.3564981175462638
Mar2015,400.0,True,0.0,3,96.33333333333333,True,0.3281434127526253,-4.180559768680103,1.3792672221620108,1.3239199570673272
Mar2015,400.0,True,0.0,4,96.33333333333333,True,0.3024893887709255,-0.719239190606494,1.385547849044529,1.3756536091604543
Mar2015,400.0,True,180.0,0,97.08333333333333,True,0.24677515374343761,-3.050752210323459,1.343596845163636,1.3038205120729207
Mar2015,400.0,True,180.0,1,97.08333333333333,True,0.32267717702971327,-3.5887135789599567,1.329400059202105,1.2833445008357756
Mar2015,400.0,True,180.0,2,97.08333333333333,True,0.2819431058288296,-3.460801685981101,1.441835049592757,1.393605139431396
Mar2015,400.0,True,180.0,3,97.08333333333333,True,0.3471683818529205,-3.0563797740725263,1.3640318624825754,1.323578283530726
Mar2015,400.0,True,180.0,4,97.08333333333333,True,0.27124706268684745,-2.4850970223442843,1.3932101854204546,1.359427102963761
Mar2015,550.0,False,0.0,0,96.75,True,0.0821201915835924,2.4450994881047445,0.558965900977334,0.5729757275588396
Mar2015,550.0,False,0.0,1,96.75,True,0.09855328869263273,-3.4095121079910347,0.6531434914263401,0.6316087157864736
Mar2015,550.0,False,0.0,2,96.75,True,0.08831705396389546,0.26406480703087043,0.5616281171251537,0.5631151059430238
Mar2015,550.0,False,0.0,3,96.75,True,0.08832776945060852,7.240625384797041,0.651720342011692,0.7025924276821043
Mar2015,550.0,False,0.0,4,96.75,True,0.07761186751237077,4.155213318597658,0.6120942845301558,0.6386307547063759
Mar2015,550.0,False,180.0,0,96.0,True,0.06708010938454247,1.0328414963173154,0.5631577854446739,0.5690350152103418
Mar2015,550.0,False,180.0,1,96.0,True,0.03115192693932098,-3.5753100542073466,0.6563067029804782,0.6336516903854716
Mar2015,550.0,False,180.0,2,96.0,True,0.06935209844089817,0.7696459625228473,0.5533140760446461,0.5576056655362445
Mar2015,550.0,False,180.0,3,96.0,True,0.05234816906216927,7.721644297629136,0.632787374901682,0.6857375926188335
Mar2015,550.0,False,180.0,4,96.0,True,0.07989326034011052,4.578874737138868,0.5979023843485927,0.6265933069868149
Mar2015,550.0,True,0.0,0,96.75,True,0.07095158618133315,2.3846929933820604,0.5611551115349223,0.574863849474835
Mar2015,550.0,True,0.0,1,96.75,True,0.08193210822882442,-3.3353380263474524,0.6558709039922558,0.6347014646867736
Mar2015,550.0,True,0.0,2,96.75,True,0.07392362253256099,0.0408435485214537,0.566387517113059,0.5666189443965454
Mar2015,550.0,True,0.0,3,96.75,True,0.07824566527490628,7.072922284374319,0.6550897683271468,0.7049503593902356
Mar2015,550.0,True,0.0,4,96.75,True,0.06801166936219959,4.254175959131513,0.6173922895151563,0.6448242476367705
Mar2015,550.0,True,180.0,0,96.0,True,0.06460828743664872,1.2046522035883764,0.5650764028541735,0.5719666112402692
Mar2015,550.0,True,180.0,1,96.0,True,0.012735145340943985,-3.882883768060784,0.6601459635380355,0.6354713496517316
Mar2015,550.0,True,180.0,2,96.0,True,0.06947688578850016,0.14219543623209116,0.5595910196803958,0.5603878656505493
Mar2015,550.0,True,180.0,3,96.0,True,0.050286117960519926,7.469297124048419,0.6368085861492708,0.6882132809506359
Mar2015,550.0,True,180.0,4,96.0,True,0.07718982395243044,4.576105069469949,0.6016837967149238,0.6305378722519743
May2024,400.0,False,0.0,0,96.58333333333333,True,-0.09407277530715227,-26.79696410767612,5.18578093868438,4.089830521715496
May2024,400.0,False,0.0,1,96.58333333333333,True,-0.21988365592321357,-26.600612597466426,5.170541115483499,4.084135936943305
May2024,400.0,False,0.0,2,96.58333333333333,True,-0.14955935613303087,-27.017148119573246,5.1245814190392,4.034558715028735
May2024,400.0,False,0.0,3,96.58333333333333,True,-0.20255001897272157,-26.059660353726493,5.131701974046761,4.070851817026224
May2024,400.0,False,0.0,4,96.58333333333333,True,-0.18436330100436385,-26.20002501649838,5.115727414776175,4.053665927647309
May2024,400.0,False,180.0,0,97.33333333333333,True,0.025098880200762563,-27.265733121687003,5.216033784220147,4.09853749023923
May2024,400.0,False,180.0,1,97.33333333333333,True,-0.07435149434966151,-28.325571427691752,5.227667421269354,4.073753471820707
May2024,400.0,False,180.0,2,97.33333333333333,True,-0.06745858616688345,-28.128748402489137,5.1583612806959165,4.0259202911215715
May2024,400.0,False,180.0,3,97.33333333333333,True,-0.07256333698661983,-28.97399368290532,5.114735860035758,3.9657110041973396
May2024,400.0,False,180.0,4,97.33333333333333,True,-0.09667022331927742,-27.12592377606804,5.08447358823259,3.9995568466341105
May2024,400.0,True,0.0,0,96.58333333333333,True,0.013211761368019858,-26.337451404420662,5.398168364515944,4.272817208600946
May2024,400.0,True,0.0,1,96.58333333333333,True,-0.11765502522437662,-26.87948286400171,5.371500969016432,4.233545761511325
May2024,400.0,True,0.0,2,96.58333333333333,True,0.017245171442651256,-26.734312355641226,5.327050432202065,4.203321368291581
May2024,400.0,True,0.0,3,96.58333333333333,True,-0.07846981456477842,-26.174493744788165,5.333297826208101,4.226922310459757
May2024,400.0,True,0.0,4,96.58333333333333,True,-0.015372900221696897,-25.873682413684875,5.325442469215178,4.230783089123482
May2024,400.0,True,180.0,0,97.33333333333333,True,0.0403605948003003,-29.313479284821288,5.496547956832089,4.250560720530601
May2024,400.0,True,180.0,1,97.33333333333333,True,-0.05944716865858526,-30.03264699719799,5.53895727503826,4.2596666321478605
May2024,400.0,True,180.0,2,97.33333333333333,True,-0.07415667642162557,-29.574292144289227,5.464711782614367,4.217435181146167
May2024,400.0,True,180.0,3,97.33333333333333,True,-0.08108047252571822,-30.40304677735791,5.41480262147471,4.152358978789513
May2024,400.0,True,180.0,4,97.33333333333333,True,-0.08100838756401149,-29.207507191946924,5.398153233084568,4.177894419915732
May2024,550.0,False,0.0,0,97.0,True,0.1817319590553794,5.160548390799916,0.9742191032800418,1.027229793877821
May2024,550.0,False,0.0,1,97.0,True,0.026573487346753282,7.652951478553199,0.9009719635961707,0.9756369889687679
May2024,550.0,False,0.0,2,97.0,True,0.22523993329750336,0.6218816075362111,0.9285542719623223,0.9343649155192075
May2024,550.0,False,0.0,3,97.0,True,0.012341652545585757,6.230324442963418,0.9686593514581473,1.03301983898723
May2024,550.0,False,0.0,4,97.0,True,0.10187937955739551,10.124501410339084,0.9844254355634849,1.0953212510764654
May2024,550.0,False,180.0,0,96.25,True,0.0748287742586689,6.924969258870883,0.9495071239816665,1.0201523614024302
May2024,550.0,False,180.0,1,96.25,True,0.35368146604850975,4.4019287373935105,0.9353031458032142,0.978370309620526
May2024,550.0,False,180.0,2,96.25,True,0.03692898829670075,-1.753372525780448,0.9428343888382262,0.9265878520137971
May2024,550.0,False,180.0,3,96.25,True,0.16439150863059182,6.275660323153213,1.0287423633493205,1.0976256188054596
May2024,550.0,False,180.0,4,96.25,True,0.05555845779022384,8.84143267344114,1.0041479976904721,1.1015399069330434
May2024,550.0,True,0.0,0,97.0,True,0.2628147681208102,4.551526664553447,0.9901951800071312,1.0374133240739891
May2024,550.0,True,0.0,1,97.0,True,0.047225389929770614,6.978719317440594,0.917028466045991,0.9858265327214797
May2024,550.0,True,0.0,2,97.0,True,0.2878330904363033,-0.12769605135035308,0.9462373888569962,0.9450306220685629
May2024,550.0,True,0.0,3,97.0,True,0.04923118500309437,4.847177111703875,0.9955894378141187,1.0463057296606773
May2024,550.0,True,0.0,4,97.0,True,0.15453424282859352,10.223295133540836,0.9961568249127148,1.1095938822821307
May2024,550.0,True,180.0,0,96.25,True,0.1199591043063002,6.088055308047558,0.9640854746931158,1.0265845072801807
May2024,550.0,True,180.0,1,96.25,True,0.4010713202089322,2.587763544496198,0.9614967950898279,0.98703903131207
May2024,550.0,True,180.0,2,96.25,True,0.1018867698420435,-3.1097139712359154,0.967207163677965,0.9380368991691537
May2024,550.0,True,180.0,3,96.25,True,0.2243912530124705,5.180418805141905,1.0557185071690125,1.1133971420939606
May2024,550.0,True,180.0,4,96.25,True,0.13617074551080321,8.063761204831986,1.0235557688839352,1.1133322205669036
