event,h_km,payload,phase_deg,n_pairs,n_matched,saving_mean_pct,saving_min_pct,saving_max_pct,pi_event_rms,mpc_event_rms,pi_recovery_fuel_g,mpc_recovery_fuel_g,pi_minE,mpc_minE,endpoint_difference_max_Wh,endpoint_altitude_difference_max_m,qp_failures
Feb2022,400.0,False,0.0,5,5,-0.6221328147027356,-0.6372643223722857,-0.600875012865199,1.264420183674216,1.1296113493088575,7.97436481574492,7.976603919529623,1125.9435495316961,1125.9557685282937,0.0,2.3078173398971558e-06,0
Feb2022,400.0,False,180.0,5,5,-0.4366652098732026,-0.45929313084352646,-0.40904136578606326,1.2349196566044938,1.1752198443342017,8.197469986479216,8.186235557193086,1128.4059893509022,1127.7642005236944,0.0,1.3457611203193665e-06,0
Feb2022,400.0,True,0.0,5,5,-0.24807665876690846,-0.2601073621531127,-0.23605023650858575,1.2760697329021178,1.1408415141991948,7.974364833343564,7.976603932784849,990.7493144441555,1019.8491160331433,0.0,9.061768651008606e-07,0
Feb2022,400.0,True,180.0,5,5,-0.078625659105281,-0.09976860491440166,-0.05767200428482197,1.2473502312087146,1.1893877721450128,8.197469991929463,8.18623557003383,921.996557153597,1006.6823009238256,0.0,2.430751919746399e-07,0
Feb2022,550.0,False,0.0,5,5,-1.1584621194538323,-1.1770090836519336,-1.1216757169105183,0.5345909597728639,0.5262093652164778,0.6450209780170102,0.6447447882303007,1138.2509136257536,1138.4103607564239,0.0,0.011366109363734722,0
Feb2022,550.0,False,180.0,5,5,-0.8589208325669169,-0.914240573985648,-0.7919553263845791,0.5422897572199352,0.5176515669936352,0.654419081155474,0.6554073470173626,1138.5520591579577,1138.5505884254637,0.0,0.00990271009504795,0
Feb2022,550.0,True,0.0,5,5,-0.8307207604874091,-0.8480734456741384,-0.7934072489476356,0.5383252420552254,0.5283814028180301,0.6450193910506881,0.6447659987258618,1009.0587571898538,1032.1531345261553,0.0,0.008919370360672474,0
Feb2022,550.0,True,180.0,5,5,-0.583700615177535,-0.6344344947187808,-0.5156570066951711,0.5456793174941141,0.5202256911083568,0.6544408271004702,0.655433196198949,953.5230714302457,1044.2067737115744,0.0,0.009529558010399342,0
Mar2015,400.0,False,0.0,5,5,0.6018836185060848,0.5757023962218496,0.6358341204098423,1.5853111491307086,1.3528781467633442,11.078885290902363,11.082141893600427,1116.734277768488,1116.7416814081382,0.0,2.83215194940567e-06,0
Mar2015,400.0,False,180.0,5,5,0.46291783086421406,0.37765620107742437,0.5134173078166178,1.5529620186514652,1.3624371482079105,11.425185767226916,11.409572177599268,1116.4772656092973,1115.7725203280957,0.0,1.582317054271698e-06,0
Mar2015,400.0,True,0.0,5,5,0.96854018773421,0.9500872429617709,1.0004578190971678,1.5975455193279546,1.3637428911945393,11.078885349425928,11.082141932920317,983.9691877805544,1001.1909218025837,0.0,4.520639777183533e-06,0
Mar2015,400.0,True,180.0,5,5,0.7778087560828754,0.6975390050440538,0.828280204038381,1.5651468208474975,1.3744148003723056,11.425185788565424,11.40957221745035,933.6880616439009,1013.8798580309591,0.0,2.738088369369507e-06,0
Mar2015,550.0,False,0.0,5,5,-1.4841472858058755,-1.5041972034581184,-1.4588059334458656,0.6317613873059258,0.6075104272141351,0.935161422250947,0.9365956926926335,1137.836427922949,1137.8413957669807,0.0,0.003364723175764084,0
Mar2015,550.0,False,180.0,5,5,-1.387391054274401,-1.4100483446306837,-1.3585063885652866,0.6360972894200436,0.6006936647440145,0.9011833265157613,0.9010932012738868,1137.8600835389461,1137.8612843665073,0.0,0.0048042163252830505,0
Mar2015,550.0,True,0.0,5,5,-1.1801896714165745,-1.1969764668194645,-1.156661075185958,0.6364065968294323,0.611179118096508,0.9351680421160617,0.9365996485319901,1003.0743938128039,1018.1627551913783,0.0,0.0033250339329242706,0
Mar2015,550.0,True,180.0,5,5,-1.0993488169872436,-1.1165047345855763,-1.0845127320471202,0.6396074722972174,0.6046611537873599,0.9011861168255443,0.901101562100715,946.1438381456361,1042.0034507427447,0.0,0.004846565425395966,0
May2024,400.0,False,0.0,5,5,7.893587737205005,7.839707109755199,7.963694199246271,2.4613750471881883,5.145666572406003,25.961598238007344,25.920425166849828,1099.7394527591,645.837040330187,0.0,0.00019084475934505463,0
May2024,400.0,False,180.0,5,5,7.864257743790384,7.8058072581398035,7.934988809783773,2.4170029916271494,5.160254386890753,26.855123268255806,26.813899200684773,1027.359137165721,645.6602585601493,0.0,0.00019035954028367996,0
May2024,400.0,True,0.0,5,5,7.823566840507223,7.769294275501117,7.879011169760261,2.4927421693447083,5.351092012231544,25.96159806760743,25.920425061175592,951.7822306581944,571.5344219936277,0.0,0.00019204523414373398,0
May2024,400.0,True,180.0,5,5,7.705982627685327,7.631719704489628,7.7767956875463815,2.4463209372964583,5.462634573808799,26.855123088642245,26.813899218253493,947.9940960237817,575.2927706236427,0.0,0.00018934253603219986,0
May2024,550.0,False,0.0,5,5,-0.587331350332063,-0.6684783619832243,-0.5002371196783242,0.9422406237137544,0.9513660251720335,3.290398483904003,3.294463659819158,1146.5917529403714,1146.5508529471003,0.0,3.189593553543091e-05,0
May2024,550.0,False,180.0,5,5,-0.6210081472757911,-0.713667742140083,-0.46582363640750396,0.9461742037321137,0.9721070039325799,3.205827518737369,3.2020548982679813,1047.639091044631,1047.5489955502553,0.0,9.594112634658813e-05,0
May2024,550.0,True,0.0,5,5,-0.2623355704632086,-0.35513751929696846,-0.16281534795216243,0.9568411397502846,0.9690414595273904,3.2903984548048895,3.2944636710430117,985.7796306161104,1050.4784606143346,0.0,3.188382834196091e-05,0
May2024,550.0,True,180.0,5,5,-0.2722417383721334,-0.37577637214414267,-0.12411889171301521,0.9598894455543274,0.9944127419027712,3.2058275939999277,3.202054963697209,979.39784249146,1039.3921473884384,0.0,9.602773934602737e-05,0
