label,t,h_km,seed,phase,trace_key,n_issues,coverage_base,coverage_effective,horizon_all_effective,weighted_p95,rms,maxabs,min_x,fuel_g,minA,minE,n_floor_viol,drag_imp,thr_imp,x_end,mean_gen_loss,max_slack,max_slack_x_m,max_slack_E_Wh,max_slack_T_mN,u_sat_frac,unserved_bus_Wh,n_energy_floor_viol,n_physical_battery_floor,powered_regime_valid,qp_attempts_all,qp_failures_all,max_qp_violation,max_kkt_scaled,max_complementarity,solve_med_ms,solve_p99_ms,solve_max_ms,loop_med_ms,loop_p99_ms,loop_max_ms
Cal1,2016-05-08T00:00,400.0,0,calibration,calibration_0,277,0.992579221821099,0.9997994384275972,0.9927797833935018,0.18719860954059162,0.9911681294327387,3.667771829292178,-2.3981737680733204,12.195192664333506,7.36090802903509,1498.131350123731,0,215.20705447652122,215.26917505503513,0.419569649733603,0.31701416173824115,0.0,0.0,0.0,0.0,0.0,0.0,0,0,True,1008,0,5.4569682106375694e-12,1.3621120897866487e-13,8.516501903203259e-14,0.3621420000854414,1.0185007100608319,2.232294999885198,0.9942164999756642,2.2689015098194414,5.016447999878437
Cal1,2016-05-08T00:00,400.0,1,calibration,calibration_1,277,0.9941837144003209,0.9997994384275972,0.9927797833935018,0.1860309954491484,0.9597158546828705,3.4175601452589035,-3.0554698379710317,12.196182608234704,7.364765540435307,1498.6848049109642,0,215.20800417050006,215.28664951507938,0.7272001290693879,0.3170324277638491,0.0,0.0,0.0,0.0,0.0,0.0,0,0,True,1008,0,1.8189894035458565e-12,1.0506312486668888e-13,8.832022690723725e-14,0.3604744999847753,1.1289569200107499,5.073564999747759,0.999458499791217,2.469383119905605,6.3491629998679855
Cal1,2016-05-08T00:00,400.0,2,calibration,calibration_2,277,0.9883674288006418,0.9996991576413959,0.9927797833935018,0.18953052992222766,1.000178304214905,3.2079818388447165,-2.707265429198742,12.18828408521088,7.351382015719297,1498.7932257323996,0,215.2094317095712,215.14722502362068,-0.02718138787895441,0.3170280750437847,0.0,0.0,0.0,0.0,0.0,0.0,0,0,True,1008,0,3.183231456205249e-12,1.1196621407805193e-13,1.0231099108420039e-13,0.3662955000436341,1.067229879658953,7.546063999598118,0.9968925000976014,2.772619090087567,8.202995999909035
Cal1,2016-05-08T00:00,550.0,0,calibration,calibration_3,277,0.9983955074207782,1.0,1.0,0.40778832341155646,0.4757393292679188,1.3271321961656213,-1.002033337019384,0.8155149228967656,7.333333333333333,1500.0,0,14.287665729276515,14.395444953525887,0.4274549698457122,0.3309280498442083,0.0,0.0,0.0,0.0,0.0,0.0,0,0,True,1008,0,1.8189894035458565e-12,1.972916274795011e-14,2.9336448407808555e-14,0.4107120000753639,1.405096760099691,2.784177000194177,1.0806135001075745,2.9141671698971487,5.147906000274816
Cal1,2016-05-08T00:00,550.0,1,calibration,calibration_4,277,0.9640994785399117,1.0,1.0,0.8754671852058336,0.4901859339024389,1.2825745791196823,-1.113704115152359,0.8095815082480249,7.333333333333332,1500.0,0,14.280145099787656,14.290708496148856,0.25587539933621883,0.3316396281422871,0.0,0.0,0.0,0.0,0.0,0.0,0,0,True,1008,0,1.8189894035458565e-12,1.7844004052136592e-14,6.048701521148899e-14,0.4113365000648628,2.431067410116154,5.664888999945106,1.095604500051195,4.638423410015088,7.841824000024644
Cal1,2016-05-08T00:00,550.0,2,calibration,calibration_5,277,0.9970918572001605,1.0,1.0,0.45705429839083767,0.41693676108302336,1.386270310729742,-0.8821895159780979,0.8122343107496183,7.333333333333332,1500.0,0,14.285896778740334,14.33753568632303,0.24625455681234598,0.33117591342991204,0.0,0.0,0.0,0.0,0.0,0.0,0,0,True,1008,0,1.8189894035458565e-12,1.6806445124473153e-14,2.2044001519501704e-14,0.414252000155102,1.1577295201504965,2.8248819999134867,1.0881595001137612,2.9545326698507752,5.2623649999077315
Cal2,2016-10-25T00:00,400.0,0,calibration,calibration_6,277,0.99117529081428,1.0,1.0,0.18157330455819992,1.001274538097124,3.159820729866624,-2.4776419177651405,12.068482371348214,7.353156225952403,1499.2396180953483,0,212.77721897739994,213.03248876456593,1.2709159953519702,0.31721302376996485,0.0,0.0,0.0,0.0,0.0,0.0,0,0,True,1008,0,2.2737367544323206e-12,1.1496997798232652e-13,7.517788829947021e-14,0.3598739999688405,0.8727607503124072,60.970452000219666,0.9758555002008507,2.2055541896634163,78.74873900027524
Cal2,2016-10-25T00:00,400.0,1,calibration,calibration_7,277,0.9926795026073004,1.0,1.0,0.18466669202871705,1.001712113932115,3.4523759623989463,-2.5625089360401034,12.067652753000887,7.362777468976169,1498.8589885665112,0,212.78101676005184,213.01784436638857,1.1076356628909707,0.317193698119035,0.0,0.0,0.0,0.0,0.0,0.0,0,0,True,1008,0,1.3642420526593924e-12,9.953554647168515e-14,8.647218438435149e-14,0.35512350018507277,1.0617869197312755,2.362838999943051,0.9691909999673953,2.304184740160053,7.307832000151393
Cal2,2016-10-25T00:00,400.0,2,calibration,calibration_8,277,0.9941837144003209,1.0,1.0,0.1817705249281083,0.9701866063913325,2.828980431891978,-2.737554910592735,12.057719191656508,7.35355273323613,1499.240188878424,0,212.77698791479338,212.8424974395429,0.7406900739297271,0.3172230861160601,0.0,0.0,0.0,0.0,0.0,0.0,0,0,True,1008,0,1.3642420526593924e-12,1.1484746487155914e-13,8.727503652069846e-14,0.3570600001694402,0.9908859099823492,40.48160199999984,0.9750870001425938,2.64537368020683,41.17172299993399
Cal2,2016-10-25T00:00,550.0,0,calibration,calibration_9,277,0.9952868030485359,1.0,1.0,0.46261165365208873,0.45628625206918133,1.441345534287393,-1.1772514153271914,0.7478221200753098,7.333333333333332,1500.0,0,13.088867371771684,13.200533628905829,0.4624528167769313,0.33084183814942225,0.0,0.0,0.0,0.0,0.0,0.0,0,0,True,1008,0,1.8189894035458565e-12,1.3202772208842359e-14,2.5730519179251544e-14,0.4171240000232501,5.444806649961708,10.871934999613586,1.137665499754803,8.324303899871653,18.62111999980698
Cal2,2016-10-25T00:00,550.0,1,calibration,calibration_10,277,0.9177697553148817,0.9997994384275972,0.9927797833935018,1.3775664949144015,0.4944928189717209,1.560381317511201,-1.0698282644152641,0.7437417486629782,7.333333333333332,1500.0,0,13.097457842440601,13.128507035146415,0.43737440556287766,0.33022209651727696,0.0,0.0,0.0,0.0,0.0,0.0,0,0,True,1008,0,1.8189894035458565e-12,1.4807821635542948e-14,3.5188662961986935e-13,0.4115644999274082,1.0586296297424267,2.960923000046023,1.0660989998996229,2.557936639955184,5.694639000012103
Cal2,2016-10-25T00:00,550.0,2,calibration,calibration_11,277,0.9997994384275972,1.0,1.0,0.42092088071294487,0.332335089081721,1.0747733265161514,-0.8099542884156108,0.7440874675885523,7.333333333333333,1500.0,0,13.091505133221522,13.134609655249033,0.2493911199271679,0.3306447873184931,0.0,0.0,0.0,0.0,0.0,0.0,0,0,True,1008,0,1.8189894035458565e-12,1.4831691430572386e-14,2.5680896435994682e-14,0.41649000013421755,5.854132819677016,64.54424200001085,1.1446185001204867,8.863938619788298,149.62247499988734
Cal3,2017-03-27T00:00,400.0,0,calibration,calibration_12,277,0.9897713598074609,1.0,1.0,0.223204240438077,0.9602239871050552,4.453644067980349,-2.9619603222236037,10.024791956604348,7.349165723886262,1499.7129184596974,0,176.92879184628333,176.9573268742208,-0.07045720238238573,0.3199407284787489,0.0,0.0,0.0,0.0,0.0,0.0,0,0,True,1008,0,7.275957614183426e-12,1.0307493747419014e-13,5.3288918906260534e-14,0.3687829998852976,0.9592885902475211,4.349511999862443,0.9925159999966127,2.82772880986158,6.265495000207011
Cal3,2017-03-27T00:00,400.0,1,calibration,calibration_13,277,0.9847573204973927,1.0,1.0,0.2191266974716478,0.9718356791407214,3.619707095436752,-2.5938908932730556,10.025095716409528,7.35478685065544,1499.6800135461876,0,176.93951606525735,176.96268883318788,0.2144508073106408,0.3199332290381015,0.0,0.0,0.0,0.0,0.0,0.0,0,0,True,1008,0,2.7284841053187847e-12,9.836997882928242e-14,7.976065647314843e-14,0.36808250001740817,1.4281761603569891,19.049036000069464,1.0004685000239988,3.1255099898362433,67.36423799975455
Cal3,2017-03-27T00:00,400.0,2,calibration,calibration_14,277,0.9918772563176895,1.0,1.0,0.20312825123423528,0.9122736831751171,3.946985795162618,-2.322862491942942,10.022046878080436,7.347593832180397,1499.3041789975734,0,176.94431545590206,176.90887083046897,-0.18524916656315327,0.3199468875144298,0.0,0.0,0.0,0.0,0.0,0.0,0,0,True,1008,0,5.4569682106375694e-12,9.628114971960143e-14,7.145309198003996e-14,0.3707685000335914,0.8251067298442636,2.304163000189874,0.9948434999387246,1.9228966199671036,6.477263999840943
Cal3,2017-03-27T00:00,550.0,0,calibration,calibration_15,277,0.9994985960689932,1.0,1.0,0.4194435419384094,0.4118277908925312,1.339287561364472,-0.9123987974599004,0.5905576410120134,7.333333333333333,1500.0,0,10.32820168283452,10.424505762414796,0.358832273632288,0.33117255832583703,0.0,0.0,0.0,0.0,0.0,0.0,0,0,True,1008,0,1.3642420526593924e-12,1.3916146013315253e-14,2.5647819395619324e-14,0.40708050005378027,1.2121018498419276,5.6000730000960175,1.0708894999424956,2.9235193398335406,6.204961999628722
Cal3,2017-03-27T00:00,550.0,1,calibration,calibration_16,277,0.9879663056558363,1.0,1.0,0.5993766645574712,0.46073621546636817,1.2646913025528193,-1.2646913025528193,0.5844043984216465,7.333333333333332,1500.0,0,10.323027322575127,10.315888908806947,0.18487904779613018,0.3318942817762216,0.0,0.0,0.0,0.0,0.0,0.0,0,0,True,1008,0,1.8189894035458565e-12,1.1076750627836416e-14,2.2007836338257697e-14,0.41408249990126933,2.108698370402633,5.785387000287301,1.0909680001986999,3.9167234999604195,28.02440799996475
Cal3,2017-03-27T00:00,550.0,2,calibration,calibration_17,277,0.9992980344965905,1.0,1.0,0.45186694923882575,0.3778095065428894,1.2929684082046151,-0.880127971060574,0.5869752489278619,7.333333333333333,1500.0,0,10.328689361160476,10.361269484817097,0.17047460563480854,0.33108126067836297,0.0,0.0,0.0,0.0,0.0,0.0,0,0,True,1008,0,1.8189894035458565e-12,1.2537526572486963e-14,2.937766137830445e-14,0.40381500025432615,1.3889588700567395,3.68131799996263,1.0788154997953825,2.7336286297804677,5.4618610001853085
Cal4,2017-04-22T00:00,400.0,0,calibration,calibration_18,277,0.9927797833935018,0.9998997192137986,0.9963898916967509,0.17160674716202176,0.8762557919128993,3.3477086033672094,-2.0850487239658833,10.347376707632218,7.353115919450758,1499.3744315060155,0,182.611161161567,182.6515832218216,0.5320158265531063,0.3195071333697297,0.0,0.0,0.0,0.0,0.0,0.0,0,0,True,1008,0,9.094947017729282e-13,9.539630196897517e-14,5.49965470164682e-14,0.37280349988577655,0.9413170702600805,2.4469459999636456,1.012083999967217,2.5684231197737897,4.889376000392076
Cal4,2017-04-22T00:00,400.0,1,calibration,calibration_19,277,0.9950862414761332,1.0,1.0,0.17420028499332985,0.8174927501295054,2.8723006453365088,-2.797290835529566,10.350118521584143,7.364494464519328,1499.9560404460863,0,182.61839659192344,182.69998163944638,0.8433023281395435,0.31950799450210576,0.0,0.0,0.0,0.0,0.0,0.0,0,0,True,1008,0,1.8189894035458565e-12,1.0656941995534906e-13,6.02640945689891e-14,0.3752479999548086,2.175021149932943,7.039781999992556,1.0684414999104774,4.246592960125776,7.729715999630571
Cal4,2017-04-22T00:00,400.0,2,calibration,calibration_20,277,0.9885679903730445,0.9996991576413959,0.9927797833935018,0.18954640236273598,0.9045373907618717,3.1771792909130454,-2.37185649946332,10.343167153090207,7.351135880784354,1499.934930062202,0,182.62377966077156,182.57727629133277,0.2247903337702155,0.31950859795926145,0.0,0.0,0.0,0.0,0.0,0.0,0,0,True,1008,0,1.8189894035458565e-12,1.2669137960941153e-13,6.682636375062916e-14,0.39331800007857964,4.483171099896022,10.13630599982207,1.5618524998899375,7.375402570132782,35.343097999884776
Cal4,2017-04-22T00:00,550.0,0,calibration,calibration_21,277,0.9996991576413959,1.0,1.0,0.3367587320072631,0.39249539193141225,1.0542778680101037,-0.9722817642614245,0.6347774093031087,7.333333333333333,1500.0,0,11.13473483873409,11.205071785696163,0.5641058599576354,0.331212758088413,0.0,0.0,0.0,0.0,0.0,0.0,0,0,True,1008,0,2.7284841053187847e-12,1.2040146657454895e-14,2.2005156324632924e-14,0.4228344998864486,3.5028708397567243,10.031983999851946,1.169584500075871,6.150079390154118,15.667764999761857
Cal4,2017-04-22T00:00,550.0,1,calibration,calibration_22,277,0.979041315683915,1.0,1.0,0.6740696577599938,0.4471604941654521,1.225670574232936,-0.9296501912176609,0.6282496504318448,7.333333333333332,1500.0,0,11.128844442856014,11.089843981933475,0.38455271907150745,0.33190946769361773,0.0,0.0,0.0,0.0,0.0,0.0,0,0,True,1008,0,1.8189894035458565e-12,1.155797679786019e-14,2.5644217249932027e-14,0.432302500030346,4.9225753401697006,11.956161000398424,1.2280969997391367,11.390998509882579,153.37030600039725
Cal4,2017-04-22T00:00,550.0,2,calibration,calibration_23,277,0.9984957882069796,1.0,1.0,0.4110815949511513,0.3572955073688959,1.185960448347032,-0.7400877960026264,0.6311101096819343,7.333333333333333,1500.0,0,11.134351686682765,11.140336722802328,0.3542448319494724,0.33123844963385574,0.0,0.0,0.0,0.0,0.0,0.0,0,0,True,1008,0,1.8189894035458565e-12,1.2946754779363798e-14,2.7491527362893988e-14,0.4337384998507332,7.859542999917714,31.399388999943767,2.233575499985818,15.013623039817478,106.55735799991817
Cal5,2017-05-28T00:00,400.0,0,calibration,calibration_24,277,0.9778379462494986,0.9996991576413959,0.9927797833935018,0.24062822520409569,0.8292466229759587,2.9368636179715395,-2.312316852621734,6.7776236536168835,7.334096158135875,1499.6103893775864,0,119.5970422497481,119.63840940493574,0.17805558629333973,0.3242705136690147,0.0,0.0,0.0,0.0,0.0,0.0,0,0,True,1008,0,9.094947017729282e-13,8.453687749820913e-14,5.137314000462623e-14,0.38480499983961636,5.242410409928162,146.13799500011737,1.140784499966685,7.643423750159851,148.0241310000565
Cal5,2017-05-28T00:00,400.0,1,calibration,calibration_25,277,0.9747292418772563,0.9997994384275972,0.9927797833935018,0.24933199789677007,0.833558493144499,2.8537542931735516,-2.8537542931735516,6.777209377242321,7.336639507809862,1499.9572303719128,0,119.5938790755423,119.63109661080016,0.4699522443115711,0.3242751165139879,0.0,0.0,0.0,0.0,0.0,0.0,0,0,True,1008,0,9.094947017729282e-13,9.945694268154169e-14,5.1363900533050915e-14,0.3982640000685933,4.850150330303221,111.44154800012984,1.2047934999372956,9.078875349746339,112.20673399975567
Cal5,2017-05-28T00:00,400.0,2,calibration,calibration_26,277,0.981548335338949,0.9993983152827918,0.9891696750902527,0.2359922455900369,0.8400394266791469,2.473167108371854,-2.0484174452722073,6.775732875277746,7.337855387031793,1499.8433988930549,0,119.59510088789084,119.60503344241644,0.28804958797991276,0.32423109809198436,0.0,0.0,0.0,0.0,0.0,0.0,0,0,True,1008,0,9.094947017729282e-13,1.1335593574912648e-13,3.7317486570455724e-14,0.3932404999886785,4.484563459946003,11.18483699974604,1.1754070001188666,6.890853399909245,11.810948999936954
Cal5,2017-05-28T00:00,550.0,0,calibration,calibration_27,277,0.9984957882069796,1.0,1.0,0.3879995076470591,0.356531303444438,1.029292886145413,-0.7675864696502686,0.3986129020429961,7.333363469615827,1500.0,0,6.921304771813046,7.036302988475894,0.5306988190859556,0.3308517296096909,0.0,0.0,0.0,0.0,0.0,0.0,0,0,True,1008,0,2.2737367544323206e-12,1.0773826275567441e-14,2.5698971412596167e-14,0.4195819999495143,5.762796649964908,9.28803600027095,1.1722724998435297,9.446612169676852,13.71596299986777
Cal5,2017-05-28T00:00,550.0,1,calibration,calibration_28,277,0.9733253108704373,1.0,1.0,0.7013108467501364,0.45287865737965216,1.3524068463593721,-0.7986664632335305,0.39152578252101167,7.333333333333332,1500.0,0,6.91930307179544,6.911201367287501,0.17925086244940758,0.33129690974580894,0.0,0.0,0.0,0.0,0.0,0.0,0,0,True,1008,0,1.8189894035458565e-12,1.1120382392704183e-14,2.563358949824857e-14,0.41269099983765045,1.8707799599951611,34.58385100020678,1.0943419997602177,3.469149469992768,67.05878100001428
Cal5,2017-05-28T00:00,550.0,2,calibration,calibration_29,277,0.9979943842759728,1.0,1.0,0.4294946289630656,0.31275094063242,1.2122342865914106,-0.6327870767563581,0.3940950357352808,7.333333333333332,1500.0,0,6.92195498944523,6.956553747948045,0.1541358232498169,0.33082989395050577,0.0,0.0,0.0,0.0,0.0,0.0,0,0,True,1008,0,1.8189894035458565e-12,1.1029843705046002e-14,2.5631827759469916e-14,0.407004499948016,4.874924240207286,7.020998999905714,1.1474034999992,8.342548379869172,11.535462999745505
Cal6,2017-09-08T00:00,400.0,0,calibration,calibration_30,277,0.9808463698355395,0.9959887685519454,0.9855595667870036,0.21894713456665268,1.2081018427566461,6.551384926773608,-2.5043468913063407,12.889811422849249,7.234178837916828,1495.3976605455944,0,227.4079744862426,227.53056454179108,0.989527196623385,0.316079215684546,0.0,0.0,0.0,0.0,0.0,0.0,0,0,True,1008,0,4.092726157978177e-12,1.1170558922302118e-13,1.9932901268252765e-13,0.3623259999585571,4.549396790016541,8.141007000176614,1.0541569999986677,7.05852932007473,27.65324199981478
Cal6,2017-09-08T00:00,400.0,1,calibration,calibration_31,277,0.979342158042519,0.9995988768551946,0.9927797833935018,0.2277204482863168,1.2137012643948253,4.769776874221861,-3.2337324069812894,12.887069079856158,7.353731927057106,1497.189796957008,0,227.3613014292591,227.48215678554934,1.091613870114088,0.3161101017765896,0.0,0.0,0.0,0.0,0.0,0.0,0,0,True,1008,0,5.4569682106375694e-12,1.121915338408996e-13,2.5030076123536604e-13,0.35885750003217254,5.596674620051082,9.454743999867787,1.0578199996871263,9.451515889663819,12.975347999599762
Cal6,2017-09-08T00:00,400.0,2,calibration,calibration_32,277,0.9791415964701163,0.9997994384275972,0.9963898916967509,0.22354095414068342,1.1908126251892637,5.329286155290902,-4.8059754921123385,12.880271797028385,7.263700861973557,1496.2531381722222,0,227.38368139863982,227.36217135299242,0.7133025703951716,0.31610479776057676,0.0,0.0,0.0,0.0,0.0,0.0,0,0,True,1008,0,4.092726157978177e-12,1.3787793129438334e-13,1.5991903680104348e-13,0.35532899983081734,1.3202518495700004,22.57759200028886,0.9956809999493998,3.7780742100221376,23.17689799974687
Cal6,2017-09-08T00:00,550.0,0,calibration,calibration_33,277,0.9989971921379863,0.9982952266345768,0.9855595667870036,0.4316310617579966,0.5139354443445078,1.525625222362578,-0.934198621660471,0.8865042509129283,7.333333333333333,1500.0,0,15.474081668758764,15.648546441987358,0.5005808435380459,0.3314180998836209,0.0,0.0,0.0,0.0,0.0,0.0,0,0,True,1008,0,1.3642420526593924e-12,3.695294070737985e-14,2.5738055828916727e-14,0.4034644998682779,1.2197260001039463,2.094876000228396,1.0753889998795785,2.45765264023248,3.721901000062644
Cal6,2017-09-08T00:00,550.0,1,calibration,calibration_34,277,0.9699157641395909,0.9965904532691536,0.9675090252707581,0.8437156869293921,0.5186791006507254,1.382327128201723,-1.314441043883562,0.8807004462492065,7.33333333333333,1500.0,0,15.47136600043976,15.546097856177479,0.30223273765295744,0.3311904437529828,0.0,0.0,0.0,0.0,0.0,0.0,0,0,True,1008,0,1.3642420526593924e-12,3.4039160379251133e-14,2.885287874227392e-13,0.4133669999646372,1.9282640197206953,5.158748999747331,1.1187609998160042,3.4205321399667796,6.7588719998639135
Cal6,2017-09-08T00:00,550.0,2,calibration,calibration_35,277,0.9979943842759728,0.9978941034897714,0.9783393501805054,0.4672444171276746,0.443267916145141,1.546016146428883,-1.2217210121452808,0.8824537986787857,7.333388464057473,1500.0,0,15.473903960966238,15.577047980663982,0.2038266807794571,0.3311587632784536,0.0,0.0,0.0,0.0,0.0,0.0,0,0,True,1008,0,1.8189894035458565e-12,3.30220295552408e-14,2.2013210827395557e-14,0.41866399988066405,1.3845756401315126,4.640576000383589,1.1048530000152823,2.894795789966338,5.292466999890166
Cal7,2017-09-28T00:00,400.0,0,calibration,calibration_36,277,0.9978941034897714,1.0,1.0,0.1759818711687814,0.9716528853642196,3.725146901793778,-2.1297373129054904,11.471018361833016,7.352943572738539,1498.932207505945,0,202.31213566448494,202.48607199252515,0.9840224273502827,0.3179791698021974,0.0,0.0,0.0,0.0,0.0,0.0,0,0,True,1008,0,5.002220859751105e-12,1.2305428898073952e-13,1.8226968859897718e-13,0.3630849998899066,1.0569469300889962,7.2857340001064586,1.0123575000307028,2.5491845397800676,11.30664499987688
Cal7,2017-09-28T00:00,400.0,1,calibration,calibration_37,277,0.9947853991175291,1.0,1.0,0.17274465953116502,0.9305742604906269,2.739342788234353,-2.739342788234353,11.470450892670549,7.351321727651868,1499.0484605128966,0,202.2896429788623,202.47605504389253,0.999194442294538,0.3180055192665129,0.0,0.0,0.0,0.0,0.0,0.0,0,0,True,1008,0,5.002220859751105e-12,1.2383916114799828e-13,1.8563345746922821e-13,0.36449350022849103,0.9249722999948061,21.39979100002165,1.0017779998179321,2.3895936700318967,22.027089999937743
Cal7,2017-09-28T00:00,400.0,2,calibration,calibration_38,277,0.9970918572001605,1.0,1.0,0.17738528841362505,1.0050120007123253,2.854518403299153,-2.854518403299153,11.459206196414346,7.349906284105058,1499.4483779220438,0,202.2831440463155,202.27756400291867,0.6235575890168548,0.31802727412785925,0.0,0.0,0.0,0.0,0.0,0.0,0,0,True,1008,0,8.185452315956354e-12,1.1563150437154944e-13,9.214744248966455e-14,0.35896750000574684,0.8435650401088419,1.3299580000420974,0.9902724998482881,1.9402509900237412,3.661844999896857
Cal7,2017-09-28T00:00,550.0,0,calibration,calibration_39,277,0.9994985960689932,1.0,1.0,0.37330424745399077,0.4721565191629746,1.4942213976755738,-0.9632160514593124,0.6963195993692652,7.333333333333332,1500.0,0,12.238166731491996,12.291412678478318,0.4075114158913493,0.33129830196929844,0.0,0.0,0.0,0.0,0.0,0.0,0,0,True,1008,0,2.2737367544323206e-12,1.6825707493950398e-14,2.207392729976192e-14,0.42065150000780704,5.286356939882352,6.056251000245538,1.1844034997920971,8.131380669606177,12.878068999725656
Cal7,2017-09-28T00:00,550.0,1,calibration,calibration_40,277,0.9341155234657039,1.0,1.0,1.2446691647508261,0.45292205224362514,1.4005290996283293,-0.8174243243411183,0.6907870273179713,7.333333333333332,1500.0,0,12.23938978184027,12.193751882605879,0.2529832934960723,0.33082750012743667,0.0,0.0,0.0,0.0,0.0,0.0,0,0,True,1008,0,1.3642420526593924e-12,1.7766843551925144e-14,4.99935964111281e-13,0.4193600000235165,1.4047692699159582,3.354113000114012,1.1179955001807684,3.2992242999898616,4.48763600024904
Cal7,2017-09-28T00:00,550.0,2,calibration,calibration_41,277,1.0,1.0,1.0,0.38033175719727924,0.377504690352389,1.344230493530631,-0.8662500167265534,0.6925397344082599,7.333333333333333,1500.0,0,12.243279741170745,12.224690615582471,0.12491767853498459,0.330712193432407,0.0,0.0,0.0,0.0,0.0,0.0,0,0,True,1008,0,1.8189894035458565e-12,2.0733137429118636e-14,3.302214959546875e-14,0.4198054996322753,1.6387003497584312,5.262598000172147,1.1212585002340347,3.644523900070443,6.385469999713678
Cal8,2018-08-26T00:00,400.0,0,calibration,calibration_42,277,0.9676093060569595,0.9996991576413959,0.9927797833935018,0.2587660588972403,0.8105001157675632,2.4541738322004676,-1.8832065789029002,6.225094901307572,7.336313260831725,1499.64825799638,0,109.84839970848851,109.8851884450348,0.6358279222622514,0.3249730054259993,0.0,0.0,0.0,0.0,0.0,0.0,0,0,True,1008,0,2.2737367544323206e-12,8.514422500383032e-14,7.921081924753271e-14,0.371869999980845,0.8425590700244352,1.6047609997258405,1.00272650001898,2.241347440058234,5.090930999813281
Cal8,2018-08-26T00:00,400.0,1,calibration,calibration_43,277,0.9624949859606899,1.0,1.0,0.27863392333842,0.8721388930602065,2.9756870176643133,-2.4104374377056956,6.2234583221720525,7.335026284103185,1500.0,0,109.82994901595085,109.8562995992315,0.8738082125782967,0.3250108071351435,0.0,0.0,0.0,0.0,0.0,0.0,0,0,True,1008,0,9.094947017729282e-13,1.0180595255704358e-13,3.974424254854966e-14,0.37982949993420334,1.1251383598300828,3.1119340001168894,1.0312880001492886,2.2569141198437133,6.135999999969499
Cal8,2018-08-26T00:00,400.0,2,calibration,calibration_44,277,0.9824508624147613,1.0,1.0,0.23847697243258567,0.8335989407119296,2.503976688720286,-2.503976688720286,6.221481019751953,7.334319748238359,1499.9439108066542,0,109.82423655746592,109.82139631623107,0.765742321498692,0.3250063335860337,0.0,0.0,0.0,0.0,0.0,0.0,0,0,True,1008,0,9.094947017729282e-13,8.12945266659426e-14,4.071930664621458e-14,0.3735979998964467,0.8636633200285345,1.3634179999826301,1.009907500247209,2.009879969864412,7.967842000198289
Cal8,2018-08-26T00:00,550.0,0,calibration,calibration_45,277,0.9997994384275972,1.0,1.0,0.4206713529645932,0.370807657942113,1.0199489705264568,-0.6681627426296473,0.323490617305996,7.333333333333333,1500.0,0,5.606983352954921,5.710246671966934,0.5902436720207334,0.33029568054193414,0.0,0.0,0.0,0.0,0.0,0.0,0,0,True,1008,0,1.8189894035458565e-12,8.683720409408122e-15,2.5634460794544956e-14,0.3927999998722953,0.8807334800894744,1.9108739998046076,1.0405904999970517,2.0395511897959295,7.217110000055982
Cal8,2018-08-26T00:00,550.0,1,calibration,calibration_46,277,0.9381267549137585,1.0,1.0,1.212673454202793,0.4439022779543312,1.5038142800331116,-0.723329589702189,0.3163236774970782,7.33333333333333,1500.0,0,5.607914378940549,5.583736065468075,0.19084444269537926,0.33025402261355963,0.0,0.0,0.0,0.0,0.0,0.0,0,0,True,1008,0,2.2737367544323206e-12,9.800826816785954e-15,1.0091742876224658e-13,0.4063584999585146,0.8505962201570582,5.102055999941513,1.062923999825216,2.146918710122913,5.7707740002115315
Cal8,2018-08-26T00:00,550.0,2,calibration,calibration_47,277,1.0,1.0,1.0,0.46492773183059066,0.32740439409234023,1.0568565605208278,-0.7027043597772717,0.31869026042161874,7.333333333333332,1500.0,0,5.614710140661602,5.6255109162545525,0.13138406164944172,0.3289590078592729,0.0,0.0,0.0,0.0,0.0,0.0,0,0,True,1008,0,1.8189894035458565e-12,1.13187792472047e-14,4.02564543383736e-14,0.39564749999954074,1.2809484796935053,2.479766000305972,1.0488094999345776,2.6012745399930273,4.870564000157174
Feb2022,2022-02-02T00:00,400.0,0,test,test_0,277,0.9989971921379863,1.0,1.0,0.15092129627829096,1.1577931240529258,4.575679498724639,-3.344235169701278,18.037608415172045,6.8550405356621,1486.9399183387677,0,318.5125039991852,318.39932261636346,0.4578606681898236,0.3092432710584688,0.0,0.0,0.0,0.0,0.0,0.0,0,0,True,1008,0,3.183231456205249e-12,1.066572385965969e-13,3.9883742830803797e-13,0.5861249999270512,1.488738219709371,3.597420999994938,1.7109600000821956,3.373332630035293,9.397245999934967
Feb2022,2022-02-02T00:00,400.0,1,test,test_1,277,1.0,1.0,1.0,0.15510893927220984,1.124475341532697,3.662089225836098,-3.662089225836098,18.037198621937083,7.064450346053467,1489.1237754216013,0,318.4910995544987,318.3920889584708,0.43179590068757534,0.30923317092193014,0.0,0.0,0.0,0.0,0.0,0.0,0,0,True,1008,0,2.2737367544323206e-12,1.0728701260731551e-13,2.456821118232281e-13,0.4455079999843292,7.71427787024549,23.621418999937305,1.3940520000232937,18.008938099692315,31.354961000033654
Feb2022,2022-02-02T00:00,400.0,2,test,test_2,277,0.9987966305655837,1.0,1.0,0.15873272380481332,1.116725669173391,4.033559599891305,-3.3270409274846315,18.022519027650276,6.825927796332066,1485.6981910996135,0,318.38078198428036,318.1329652005124,-0.1889638751745224,0.30926776935836464,0.0,0.0,0.0,0.0,0.0,0.0,0,0,True,1008,0,2.7284841053187847e-12,9.819400847987933e-14,3.8120044197423233e-13,0.33424349999222613,1.0293875597108102,3.0524240000886493,1.025111500212006,2.330114580140614,9.324085000116611
Feb2022,2022-02-02T00:00,550.0,0,test,test_3,277,0.9991977537103891,1.0,1.0,0.3546097463860316,0.5471573176114803,1.712805907242,-1.14540012832731,1.4236036439671333,7.333333333333333,1500.0,0,24.986180100585205,25.12940881519841,0.3977399915456772,0.33048232765079577,0.0,0.0,0.0,0.0,0.0,0.0,0,0,True,1008,0,1.3642420526593924e-12,2.66786592817425e-14,7.845072680755058e-14,0.7007169999724283,1.7474947999608001,5.525268999917898,1.792544999943857,3.7968333499611604,8.63880099996095
Feb2022,2022-02-02T00:00,550.0,1,test,test_4,277,0.9992980344965905,1.0,1.0,0.3718803671275712,0.5787307632293383,1.643868824467063,-1.4006104562431574,1.418974834770485,7.333333333333332,1500.0,0,24.971933796568468,25.047701214123556,0.5645802635699511,0.3311899072148553,0.0,0.0,0.0,0.0,0.0,0.0,0,0,True,1008,0,9.094947017729282e-13,2.537781096378921e-14,2.7594307538869767e-14,0.4663264999180683,10.191595179967377,21.26878199987914,1.2838484999520006,16.347349249858762,41.376407999905496
Feb2022,2022-02-02T00:00,550.0,2,test,test_5,277,0.9997994384275972,1.0,1.0,0.34034062542005133,0.4521286505246026,1.1594510078430176,-0.886026281863451,1.4206422595637542,7.333333333333332,1500.0,0,24.978507372525126,25.07713454655159,0.4652746133506298,0.3308449094424618,0.0,0.0,0.0,0.0,0.0,0.0,0,0,True,1008,0,1.8189894035458565e-12,3.356526168118989e-14,2.2207160464127602e-14,0.4048979999424773,1.126337129981035,3.9326920000348764,1.0958230000142066,2.3216804799767488,5.041453000103502
Mar2015,2015-03-16T00:00,400.0,0,test,test_6,277,0.9995988768551946,1.0,1.0,0.1410796777913359,1.3353918871020336,5.444776421412826,-3.686399893835187,26.289376109564287,6.720485679540966,1466.9574241325076,0,464.1425960355982,464.05927840474527,0.9563545119017363,0.2982205807266013,0.0,0.0,0.0,0.0,0.0,0.0,0,0,True,1008,0,2.2737367544323206e-12,1.2782663816324199e-13,3.9180584265728345e-12,0.32522549986424565,1.708658010147697,3.061216999867611,1.023914499910461,3.373374430011608,4.980310000064492
Mar2015,2015-03-16T00:00,400.0,1,test,test_7,277,0.9992980344965905,1.0,1.0,0.14482011117864557,1.3011820512003216,4.824554977938533,-3.6922574751079082,26.289073626717887,6.807785889061526,1485.0665984979375,0,464.06065462544404,464.05393898661583,1.0588918644934893,0.29821907876064413,0.0,0.0,0.0,0.0,0.0,0.0,0,0,True,1008,0,4.547473508864641e-12,1.0198525357552055e-13,4.516363341020005e-12,0.3199140001015621,1.1530907000451387,2.718916000048921,1.0073490000195306,2.821549170053003,5.581287000040902
Mar2015,2015-03-16T00:00,400.0,2,test,test_8,277,0.9972924187725631,1.0,1.0,0.14931266362540077,1.3958910775275688,4.80767366848886,-4.051511446014047,26.266818010305958,6.973399978828327,1485.4197364040538,0,464.0296909664562,463.6610835133798,-0.5593009730800986,0.2982552301139242,0.0,0.0,0.0,0.0,0.0,0.0,0,0,True,1008,0,4.092726157978177e-12,1.122302251133078e-13,1.3217958694183145e-11,0.32361450007556414,4.345098049966509,6.540195000070526,1.0582885001895193,6.774956189751715,12.71238999970592
Mar2015,2015-03-16T00:00,550.0,0,test,test_9,277,0.9979943842759728,1.0,1.0,0.34373855142468485,0.5574446230019172,2.107934156432748,-1.5249776411801577,2.1936195346337977,7.333333333333333,1500.0,0,38.647005446952335,38.72170621676959,0.22595765348523855,0.330096292227138,0.0,0.0,0.0,0.0,0.0,0.0,0,0,True,1008,0,9.094947017729282e-13,4.957023680418614e-14,1.2291197504475586e-13,0.40981050005939323,1.3140937902608125,3.0940100000407256,1.1228984999434033,2.685735790050785,4.007654000361072
Mar2015,2015-03-16T00:00,550.0,1,test,test_10,277,0.9995988768551946,1.0,1.0,0.4248510735568785,0.6476490334617937,2.1441324232146144,-1.8165687061846256,2.1888771578364747,7.333333333333332,1500.0,0,38.63409568018746,38.63799392381501,0.4077177681028843,0.33027300297278406,0.0,0.0,0.0,0.0,0.0,0.0,0,0,True,1008,0,9.094947017729282e-13,4.9181436700962406e-14,3.721793745989685e-14,0.40863899994292296,1.0391148100052305,5.273400000078254,1.0951594997550274,2.537652740188605,6.052580999948987
Mar2015,2015-03-16T00:00,550.0,2,test,test_11,277,0.9983955074207782,1.0,1.0,0.38780024126131274,0.5574939347127736,1.8909903289750218,-1.2988924626260996,2.1924660828353333,7.333333333333332,1500.0,0,38.64610824701059,38.701345520226894,0.5003157127648592,0.3301086836499645,0.0,0.0,0.0,0.0,0.0,0.0,0,0,True,1008,0,1.3642420526593924e-12,5.028288896369303e-14,6.374400354952799e-14,0.40445499985253264,0.9907149201035274,2.138255999852845,1.0909094999078661,2.2207383901059057,6.137881999620731
May2024,2024-05-09T12:00,400.0,0,test,test_12,277,0.9985960689931809,1.0,1.0,0.17119669989344022,4.770512551180326,15.905035729520023,-7.907411982305348,73.07180970062159,6.156706544350547,825.406565204876,0,1289.3261112163623,1289.8613926810672,4.945331504568458,0.24328748256992838,4.797141206128,1.85572421267874,0.0,4.797141206128,0.0,0.0,0,0,True,1008,0,7.73070496506989e-12,1.2044366993284153e-13,1.3859288479649177e-10,0.4383870000310708,1.3774804397144167,2.5382990002071892,1.1334015000556974,3.1253135899578357,5.640644999857614
May2024,2024-05-09T12:00,400.0,1,test,test_13,277,0.9984957882069796,1.0,1.0,0.17374754427528885,4.764235349994193,15.10592905152589,-8.718099080957472,73.18974364957452,6.227915906257966,824.3755118958223,0,1291.301246753394,1291.9431592099988,4.4140727035701275,0.24118023771189,4.803673717975845,1.6363797821268542,0.0,4.803673717975845,0.0,0.0,0,0,True,1008,0,4.092726157978177e-12,1.4196736948598228e-13,2.8686693913924695e-10,0.453883999853133,1.4548291898836374,3.513438000027236,1.1628279999058577,3.213858569783951,6.89822100002857
May2024,2024-05-09T12:00,400.0,2,test,test_14,277,0.9985960689931809,1.0,1.0,0.17111985632349347,4.733474816827656,14.117348805069923,-10.101624018512666,73.16414135526301,6.075188590268388,853.9608332901108,0,1291.4285368266958,1291.4912282788555,2.251955833286047,0.24147087385342825,4.9861739193815025,1.205563535365026,0.0,4.9861739193815025,0.0,0.0,0,0,True,1008,0,8.640199666842818e-12,1.4504772058871965e-13,1.3292007318374804e-10,0.44454099997892627,2.319558190197303,8.123843999783276,1.1613615001806465,5.161207659812133,8.929073000217613
May2024,2024-05-09T12:00,550.0,0,test,test_15,277,1.0,1.0,1.0,0.2641674592288724,0.9706818125881569,3.091668913140893,-2.1243116166442633,9.068642149929182,7.334720358451639,1499.538093878034,0,160.08148592750138,160.07939917128425,-0.6056924406439066,0.3212201453557184,0.0,0.0,0.0,0.0,0.0,0.0,0,0,True,1008,0,1.3642420526593924e-12,1.4606982290388255e-13,1.6186670567310325e-12,0.3997819999312924,2.1309697797914624,4.852743999890663,1.1379410000245116,6.183628059852707,10.222094999789988
May2024,2024-05-09T12:00,550.0,1,test,test_16,277,1.0,1.0,1.0,0.27272505888665305,0.897196112657571,2.869183554314077,-2.321886671707034,9.066051765239193,7.341578783915762,1499.304318544475,0,160.07389637819983,160.03367377844918,-0.5364795504137874,0.32122380997716016,0.0,0.0,0.0,0.0,0.0,0.0,0,0,True,1008,0,1.3642420526593924e-12,1.3902479167882114e-13,1.1653974500507611e-12,0.3893714999776421,1.7010877801067124,3.9979650000532274,1.0991699998612603,3.8531789496937505,10.131432999969547
May2024,2024-05-09T12:00,550.0,2,test,test_17,277,1.0,1.0,1.0,0.2818079783864566,0.9243813158963301,2.875068481080234,-2.180943594314158,9.066110594549555,7.3367980055380855,1499.3139019524324,0,160.09947699140324,160.03471223167156,-0.5176665792241693,0.32122224880762984,0.0,0.0,0.0,0.0,0.0,0.0,0,0,True,1008,0,1.9299592459078724e-12,1.5491252725041701e-13,1.1489287076231722e-12,0.39494099996773,1.2050331598902626,36.21705600016867,1.090360000034707,3.4663232300727014,44.76528400027746
Holdout1,2020-09-28T00:00,400.0,0,test,test_18,277,0.9959887685519454,1.0,1.0,0.18077583377582437,0.813739671696745,2.7375168073922396,-1.867034712806344,8.272542871864065,7.350639449370267,1499.6983666076349,0,145.88001215735514,146.02667859785902,1.209990262053907,0.322278791683008,0.0,0.0,0.0,0.0,0.0,0.0,0,0,True,1008,0,1.3642420526593924e-12,9.517486798671366e-14,6.815060310517296e-14,0.38452199987659696,2.826070790156317,9.162360000118497,1.065121000237923,4.687138340023011,71.7702960000679
Holdout1,2020-09-28T00:00,400.0,1,test,test_19,277,0.9913758523866827,1.0,1.0,0.1816572597459135,0.8296922234136231,2.6211997643113136,-2.2336079524829984,8.27232745700585,7.340826579147263,1499.8630099148472,0,145.86886475206424,146.0228761012433,1.3342597857117653,0.3222819676464943,0.0,0.0,0.0,0.0,0.0,0.0,0,0,True,1008,0,1.3642420526593924e-12,1.1264777999286932e-13,6.71678948932301e-14,0.3821779998816055,2.102598329925058,78.82318499969188,1.0706114999265992,5.590733719991438,80.83654799975193
Holdout1,2020-09-28T00:00,400.0,2,test,test_20,277,0.99779382270357,1.0,1.0,0.1709821429921797,0.8378011747794771,2.2978546684607863,-2.122815736569464,8.266430760256583,7.346506415161084,1499.9999999999986,0,145.86498100323055,145.91878778712658,1.1154176536947489,0.3222914328575207,0.0,0.0,0.0,0.0,0.0,0.0,0,0,True,1008,0,1.3642420526593924e-12,8.697609299446182e-14,8.865337424355479e-14,0.3767609998703847,1.3997785398214495,9.673721999661211,1.04611249980735,3.3321230801629977,10.304287000053591
Holdout1,2020-09-28T00:00,550.0,0,test,test_21,277,1.0,1.0,1.0,0.3061616126700774,0.36520487361218906,1.0038847485557199,-0.8165344428271055,0.4425044460364691,7.333333333333332,1500.0,0,7.727186273984488,7.811075206302388,0.561353288590908,0.331643566266827,0.0,0.0,0.0,0.0,0.0,0.0,0,0,True,1008,0,2.7284841053187847e-12,9.189982108637194e-15,2.5659051375477784e-14,0.411541999937981,2.4527533498576246,15.659709000374278,1.1124515001483815,5.510137640294481,152.19452800010913
Holdout1,2020-09-28T00:00,550.0,1,test,test_22,277,0.9335138387484958,1.0,1.0,1.2307539272018313,0.4039368710620604,1.182469991967082,-0.7336555495858192,0.4360291675441598,7.333333333333332,1500.0,0,7.727160936095645,7.696773784614453,0.3146524578332901,0.33153816288330884,0.0,0.0,0.0,0.0,0.0,0.0,0,0,True,1008,0,2.7284841053187847e-12,9.172884674057967e-15,1.8376371349744958e-13,0.4338004998771794,1.925372149967188,5.114854000112246,1.1432814999352559,4.5836653400056075,12.820105000173498
Holdout1,2020-09-28T00:00,550.0,2,test,test_23,277,1.0,1.0,1.0,0.29771688900426446,0.2935475901736558,0.9603755250573158,-0.5749612040817738,0.43783813080128053,7.333333333333332,1500.0,0,7.730864428846427,7.72870554976036,0.18719707615673542,0.33103706344134043,0.0,0.0,0.0,0.0,0.0,0.0,0,0,True,1008,0,1.3642420526593924e-12,1.0709488851290414e-14,2.7504305114544425e-14,0.4209549999814044,1.2529375499752833,2.1062369996798225,1.107670999772381,2.918759129734097,6.373096000061196
Holdout2,2021-05-12T00:00,400.0,0,test,test_24,277,0.9688126754913758,0.9992980344965905,0.9855595667870036,0.2641737687803059,0.8181505959613582,2.8503639129921794,-1.9841316360980272,6.697215215722343,7.334382876226795,1499.371351537236,0,118.19555162472673,118.21904207147615,0.40423802100121975,0.3243661287566121,0.0,0.0,0.0,0.0,0.0,0.0,0,0,True,1008,0,9.094947017729282e-13,9.24811893732169e-14,4.7195819414922306e-14,0.38374000018848164,1.6373045799082284,4.917250000289641,1.04704049999782,4.871759920169964,6.504777999907674
Holdout2,2021-05-12T00:00,400.0,1,test,test_25,277,0.9622944243882872,0.9992980344965905,0.9819494584837545,0.27104255695118845,0.8029946897336929,2.5571184745058417,-2.362467815168202,6.6965935062075115,7.339791190830756,1500.0,0,118.19487302576621,118.20806767376929,0.6920692902058363,0.32438222789735405,0.0,0.0,0.0,0.0,0.0,0.0,0,0,True,1008,0,2.2737367544323206e-12,8.47811820747779e-14,6.179499140503602e-14,0.378504500076815,1.0721178501989925,2.1580110001195862,1.0181830000419723,2.7250244900778733,5.480133000219212
Holdout2,2021-05-12T00:00,400.0,2,test,test_26,277,0.9679101484155636,0.9989971921379863,0.9783393501805054,0.25555426636200657,0.8267239694625977,3.1348319072276354,-2.6497083231806755,6.694734747252758,7.334881902480872,1499.866277999114,0,118.19535341629938,118.1752569164625,0.4366784915328026,0.3243684074789057,0.0,0.0,0.0,0.0,0.0,0.0,0,0,True,1008,0,1.8189894035458565e-12,8.397033068874292e-14,5.723562294342717e-14,0.3793634998601192,1.3892815000508427,2.838850999978604,1.0314069998003106,2.6596472599794607,7.080241000039678
Holdout2,2021-05-12T00:00,550.0,0,test,test_27,277,0.9993983152827918,1.0,1.0,0.35726000560944715,0.3512662239869532,1.0020905137062073,-0.8444880358874798,0.38668931795964995,7.3333392439096725,1500.0,0,6.7152837203147655,6.825828239944219,0.5569561338052154,0.33120755497520593,0.0,0.0,0.0,0.0,0.0,0.0,0,0,True,1008,0,1.8189894035458565e-12,1.1912137942715614e-14,3.111678122110629e-14,0.41290450008091284,1.303534340245275,3.2846779999999853,1.0919910002940014,4.082661299930798,12.283860000025015
Holdout2,2021-05-12T00:00,550.0,1,test,test_28,277,0.9717208182912154,1.0,1.0,0.7321076214266101,0.3887168467932102,1.0450136167928576,-0.9254662208259106,0.379841542889974,7.333333333333332,1500.0,0,6.7129255195078015,6.704951519847546,0.24111082218587399,0.3316973683638166,0.0,0.0,0.0,0.0,0.0,0.0,0,0,True,1008,0,1.8189894035458565e-12,1.2094880652568915e-14,2.1979815775069755e-14,0.4096575000858138,1.292424739817759,3.591241000322043,1.0835045000021637,3.4600311799249517,6.663331999789079
Holdout2,2021-05-12T00:00,550.0,2,test,test_29,277,0.9989971921379863,1.0,1.0,0.43100215595674807,0.29673366174875526,0.9074068116024137,-0.5522776348516345,0.38213420347031346,7.333333333333332,1500.0,0,6.715934333230474,6.745421495631897,0.20639658626168966,0.33123467531019435,0.0,0.0,0.0,0.0,0.0,0.0,0,0,True,1008,0,1.8189894035458565e-12,9.54603063263448e-15,2.5618466974306157e-14,0.41523999993842153,2.6336777199094206,4.272149999906105,1.1071879998780787,4.220481510146782,8.152546000019356
Holdout3,2021-10-12T00:00,400.0,0,test,test_30,277,0.9942839951865222,1.0,1.0,0.17500142119334366,0.9442673314875717,3.912003790959716,-2.125975697301328,11.118029247639026,7.351719138594969,1499.518427883197,0,196.04376858630565,196.25511873845034,1.2434911476448178,0.318482265329873,0.0,0.0,0.0,0.0,0.0,0.0,0,0,True,1008,0,2.7284841053187847e-12,1.2860579268192393e-13,1.145093392671727e-13,0.3726459999597864,1.334876279961463,2.6452029997017235,1.0332970000490604,3.192536449987528,4.667046000122355
Holdout3,2021-10-12T00:00,400.0,1,test,test_31,277,0.99338146811071,1.0,1.0,0.1754759149946355,0.9278700497812529,2.7690004725009203,-2.623075763694942,11.117644142473097,7.345520461918764,1499.7474640989244,0,196.03544063133617,196.24832087361278,1.2643535574898124,0.31847938185337765,0.0,0.0,0.0,0.0,0.0,0.0,0,0,True,1008,0,9.094947017729282e-13,1.3612833082987658e-13,8.84283169991195e-14,0.3759924998121278,1.1607141599324675,2.834037999946304,1.0317860003397072,2.799589379910676,5.695013000149629
Holdout3,2021-10-12T00:00,400.0,2,test,test_32,277,0.9985960689931809,1.0,1.0,0.1620829967626541,0.9191911859876453,3.0286980560049415,-2.3173343893140554,11.109615396690046,7.345369218686493,1499.6449024142398,0,196.03466453649241,196.10659769391077,0.9904776029288769,0.31849043960833023,0.0,0.0,0.0,0.0,0.0,0.0,0,0,True,1008,0,4.092726157978177e-12,1.3538786758360286e-13,1.4215336494438069e-13,0.36974350018681434,1.3394632900508432,3.767781000078685,1.0127235000254586,2.844051940014651,6.232366999938677
Holdout3,2021-10-12T00:00,550.0,0,test,test_33,277,1.0,1.0,1.0,0.2934759078886906,0.4092915363698462,1.1391557892784476,-1.1033541923388839,0.6717610855213654,7.333333333333332,1500.0,0,11.766419975514411,11.85790652879044,0.5176331643015146,0.33177136287182163,0.0,0.0,0.0,0.0,0.0,0.0,0,0,True,1008,0,1.8189894035458565e-12,1.8201495866065895e-14,2.2092658698294554e-14,0.4138899998906709,1.4369463101138498,2.4007890001485066,1.1044569998830411,2.7670578401784893,5.227819999618077
Holdout3,2021-10-12T00:00,550.0,1,test,test_34,277,0.9461492178098676,1.0,1.0,1.0970781559932363,0.4588281040952717,1.1922105783596635,-1.0026088152080774,0.6663091204443139,7.333333333333332,1500.0,0,11.768461527220218,11.761668604809522,0.3687365762889385,0.33145820032557294,0.0,0.0,0.0,0.0,0.0,0.0,0,0,True,1008,0,1.3642420526593924e-12,1.991073972362755e-14,2.350333753773515e-13,0.4185244999916904,5.531353390006184,7.666640000024927,1.1571405000267987,8.539234619747731,11.286771999948542
Holdout3,2021-10-12T00:00,550.0,2,test,test_35,277,1.0,1.0,1.0,0.27562658706256565,0.31927512015171344,1.1620792299509048,-0.6820773435756564,0.6676277968244912,7.333333333333332,1500.0,0,11.77007140843867,11.78494584071197,0.21580206509679556,0.3313868424081514,0.0,0.0,0.0,0.0,0.0,0.0,0,0,True,1008,0,1.8189894035458565e-12,2.1705970354446428e-14,2.2042636425614495e-14,0.412025500281743,1.1759126101378565,2.4479019998580043,1.1009159998138784,3.0811572200263955,7.978847999766003
Holdout4,2021-11-04T00:00,400.0,0,test,test_36,277,0.9929803449659045,1.0,1.0,0.19785579991712296,1.073329810975356,4.153863635845482,-2.6042072288691998,13.485837173933476,7.369949686529504,1498.5147770125889,0,237.87610534364777,238.05159321915988,1.1357780527323484,0.3153203035753004,0.0,0.0,0.0,0.0,0.0,0.0,0,0,True,1008,0,1.8189894035458565e-12,1.0127854110919538e-13,1.6861607621344248e-13,0.3555189998678543,1.2099549898357498,2.458937000028527,1.0121099999196304,2.7199793201225426,4.933200000323268
Holdout4,2021-11-04T00:00,400.0,1,test,test_37,277,0.9912755716004813,1.0,1.0,0.19938092803847687,1.0387285240243591,3.192436029203236,-2.92828674800694,13.486514017649107,7.362048617276116,1498.471705944279,0,237.87854114033377,238.06354084412106,1.0117366313934326,0.31529238837163387,0.0,0.0,0.0,0.0,0.0,0.0,0,0,True,1008,0,2.7284841053187847e-12,1.2548090344566272e-13,1.231284026003133e-13,0.36089299987907,1.099055379986566,3.3555099998920923,1.009626000040953,2.6272996398438333,6.375064000167185
Holdout4,2021-11-04T00:00,400.0,2,test,test_38,277,0.9941837144003209,1.0,1.0,0.19802953939334403,1.0942660558650048,3.476281917653978,-3.476281917653978,13.476552921020962,7.356789476080517,1498.7604318959336,0,237.87673088093024,237.8877078652732,0.7265078444033861,0.3153255523480192,0.0,0.0,0.0,0.0,0.0,0.0,0,0,True,1008,0,5.4569682106375694e-12,1.413047456821914e-13,1.1972458366284502e-13,0.3647905000434548,0.9571916798813613,1.9385169998713536,1.0082150001835544,2.4038091496140614,3.311108999696444
Holdout4,2021-11-04T00:00,550.0,0,test,test_39,277,0.9995988768551946,1.0,1.0,0.39529004791817507,0.4790848988140164,1.3186792246997356,-1.1878318153321743,0.9041174904818138,7.333333333333332,1500.0,0,15.881881078958411,15.95945481846037,0.42544353380799294,0.3315497267160177,0.0,0.0,0.0,0.0,0.0,0.0,0,0,True,1008,0,1.3642420526593924e-12,2.384165087576661e-14,1.8420898490683128e-14,0.4139809998378041,1.9434361199546344,8.322636999764654,1.1288695000075677,3.6973302599972113,8.966134000274906
Holdout4,2021-11-04T00:00,550.0,1,test,test_40,277,0.9553750501403931,0.9997994384275972,0.9963898916967509,1.0072030684417663,0.513355449738348,1.5035097682848573,-1.1165052326396108,0.8991860393153139,7.333333333333332,1500.0,0,15.888018950901486,15.872404990412626,0.38410579040646553,0.33116656841240577,0.0,0.0,0.0,0.0,0.0,0.0,0,0,True,1008,0,1.8189894035458565e-12,2.1366630686969752e-14,2.186309807674691e-13,0.42026699998132244,1.1776825800916386,4.626595999980054,1.1277925000285904,2.5127801600228823,5.899965000025986
Holdout4,2021-11-04T00:00,550.0,2,test,test_41,277,0.9998997192137986,1.0,1.0,0.3619287839881763,0.37392035364592413,1.1821254752576351,-0.9165789801627398,0.9004979127334849,7.333333333333333,1500.0,0,15.889716471570345,15.895562140634151,0.22063514590263367,0.33112822012583787,0.0,0.0,0.0,0.0,0.0,0.0,0,0,True,1008,0,1.8189894035458565e-12,2.1843249431441333e-14,2.388839206626189e-14,0.4167504998804361,1.4317456398703097,3.004195999892545,1.1447384997609333,3.20801259997097,6.264911000016582
