event,h_km,payload,phase_deg,seed,pi_fuel_g,pi_rms,pi_E_start_Wh,pi_E_end_Wh,pi_minE,pi_n_floor_viol,pi_n_energy_floor_viol,pi_powered_regime_valid,pi_qp_failures_all,pi_unserved_bus_Wh,pi_event_start_Wh,mpc_fuel_g,mpc_rms,mpc_E_start_Wh,mpc_E_end_Wh,mpc_minE,mpc_n_floor_viol,mpc_n_energy_floor_viol,mpc_powered_regime_valid,mpc_qp_failures_all,mpc_unserved_bus_Wh,mpc_event_start_Wh,endpoint_difference_Wh,saving_full_pct,rms_ratio,resource_matched
Feb2022,400.0,False,0.0,0,20.52212461166556,1.2024456362502571,1350.0,1211.6639396371193,1132.7824305601941,0,0,True,0,0.0,1284.316185548499,20.93686081317428,1.1407848279101755,1350.0,1209.679599454406,1127.2106538364567,0,0,True,36,0.0,1327.1244483037008,1.9843401827133675,-2.0209223428697456,0.948720502215496,False
Feb2022,400.0,False,0.0,1,20.5388385769711,1.2342671447080866,1350.0,1210.3842387165735,1130.4833577595223,0,0,True,0,0.0,1284.1811990541576,20.948621528559556,1.1100606409736693,1350.0,1209.5159666616526,1127.7656870471144,0,0,True,36,0.0,1325.6365804295428,0.868272054920908,-1.9951612650966613,0.8993682167860078,False
Feb2022,400.0,False,0.0,2,20.516438713640333,1.2555018263243918,1350.0,1215.3963961238157,1131.6059404390542,0,0,True,0,0.0,1283.4898380538805,20.947900568856294,1.1059855687121822,1350.0,1210.9701607327038,1127.767488545201,0,0,True,36,0.0,1327.9491932470394,4.426235391111959,-2.1030056007191145,0.8809111588073644,False
Feb2022,400.0,False,180.0,0,20.565676782961646,1.2202434045776143,1350.0,1424.7010488280466,1128.4059915442529,0,0,True,0,0.0,1418.427544583651,20.70878698059533,1.1360997007647828,1350.0,1449.996123083381,1127.7642019868952,0,0,True,1,0.0,1418.1911056729239,25.295074255334384,-0.6958691374175935,0.9310435086170716,False
Feb2022,400.0,False,180.0,1,20.568871076402633,1.1796191578301434,1350.0,1426.2067574210178,1130.2686621267312,0,0,True,0,0.0,1418.1889013272485,20.704107613385226,1.1225548572104067,1350.0,1449.079586866263,1129.656858702823,0,0,True,1,0.0,1418.2396537027876,22.872829445245316,-0.6574815724220318,0.9516248102271382,False
Feb2022,400.0,False,180.0,2,20.550532795677583,1.222845778969948,1350.0,1423.5141064614263,1130.6161489939918,0,0,True,0,0.0,1418.7525186089645,20.691866372034163,1.1697678002130534,1350.0,1449.5046090414066,1128.249361132845,0,0,True,1,0.0,1417.9734725305143,25.99050257998033,-0.6877367986600648,0.9565947074686684,False
Feb2022,400.0,True,0.0,0,20.963058371072748,1.209615884486903,1350.0,1211.66394040399,995.4494819579131,0,0,True,0,0.0,1284.316185548499,21.27230638927389,1.144585744809113,1350.0,1209.6795998265386,1023.0106189459738,0,0,True,36,0.0,1327.1244483037008,1.9843405774513485,-1.4752046801905503,0.9462390164416744,False
Feb2022,400.0,True,0.0,1,20.9793586415715,1.2472529810594455,1350.0,1210.3842406524489,996.6860815734659,0,0,True,0,0.0,1284.1811990541576,21.286202794165472,1.122925727343268,1350.0,1209.515966337849,1020.124937260597,0,0,True,36,0.0,1325.6365804295428,0.8682743145998302,-1.4626002531171103,0.9003191368517949,False
Feb2022,400.0,True,0.0,2,20.957555300372398,1.267490481330785,1350.0,1215.3963934246217,993.1314390282937,0,0,True,0,0.0,1283.4898380538805,21.28267588012866,1.115417639007106,1350.0,1210.9701604922077,1019.8491195144196,0,0,True,36,0.0,1327.9491932470394,4.4262329324139955,-1.5513287456313452,0.8800205251529684,False
Feb2022,400.0,True,180.0,0,21.005399199299596,1.2317690009127702,1350.0,1424.7010481737618,921.996553856592,0,0,True,0,0.0,1418.427544583651,21.045562148559036,1.146305855700792,1350.0,1449.9961228256827,1006.6823023488566,0,0,True,1,0.0,1418.1911056729239,25.295074651920913,-0.19120298014035705,0.9306175547942447,False
Feb2022,400.0,True,180.0,1,21.007201909705554,1.1918541510606087,1350.0,1426.2067629192886,926.6794418289809,0,0,True,0,0.0,1418.1889013272485,21.037123876854647,1.13495938932864,1350.0,1449.0795865566467,1008.7506453241126,0,0,True,1,0.0,1418.2396537027876,22.872823637358124,-0.1424367094566214,0.9522636543394685,False
Feb2022,400.0,True,180.0,2,20.98957679896224,1.2321399589711126,1350.0,1423.51410855399,927.6401590120321,0,0,True,0,0.0,1418.7525186089645,21.027580387008726,1.1839624787524579,1350.0,1449.5046090148487,1008.3341087821298,0,0,True,1,0.0,1417.9734725305143,25.99050046085881,-0.18105933440432645,0.9608993443740881,False
Feb2022,550.0,False,0.0,0,1.5698280027103335,0.5596334343457212,1350.0,1247.85280829253,1139.4018079997281,0,0,True,0,0.0,1179.512882307988,1.606395011003547,0.615723368762418,1350.0,1240.7442430281374,1139.2508779997509,0,0,True,36,0.0,1179.5358277340558,7.10856526439261,-2.329363995933308,1.100226203393785,False
Feb2022,550.0,False,0.0,1,1.5708975285502629,0.5529614893468923,1350.0,1247.7884153681832,1139.274673679278,0,0,True,0,0.0,1179.5749503308318,1.5987154730631903,0.5675853207342044,1350.0,1242.4122991261647,1139.1083982919117,0,0,True,36,0.0,1179.4230233101837,5.376116242018497,-1.7708312609416226,1.0264463831009,False
Feb2022,550.0,False,0.0,2,1.568002936171018,0.47492618005951653,1350.0,1247.3510180082415,1138.9775296763512,0,0,True,0,0.0,1179.4531465827238,1.5971136438463198,0.4668610668554973,1350.0,1240.3147453315705,1139.3282767124265,0,0,True,36,0.0,1179.4346100955909,7.036272676670933,-1.8565467579026813,0.9830181751551187,False
Feb2022,550.0,False,180.0,0,1.5782279421739198,0.5514637355369447,1350.0,1469.9590660299734,1139.0719200086965,0,0,True,0,0.0,1454.1154133111213,1.5964280464432428,0.5347484889143085,1350.0,1469.9221671660061,1138.8228987575837,0,0,True,0,0.0,1499.4554350025176,0.036898863967280704,-1.1531987099565182,0.9696893094767853,True
Feb2022,550.0,False,180.0,1,1.5800191365689227,0.5722997372136733,1350.0,1469.8759765842149,1138.778346350615,0,0,True,0,0.0,1454.0323566262002,1.5953238099398275,0.5374561082687176,1350.0,1469.904812022663,1138.8137556607521,0,0,True,0,0.0,1499.6095944004487,0.02883543844814085,-0.9686384814388725,0.939116468732631,True
Feb2022,550.0,False,180.0,2,1.5734128194267405,0.45624744971701636,1350.0,1470.0,1139.214462830802,0,0,True,0,0.0,1454.0342186194453,1.5950966965699676,0.4486844872943789,1350.0,1469.9816008109867,1139.2582445163293,0,0,True,0,0.0,1499.6411437785812,0.018399189013280193,-1.3781429053773309,0.9834235513484441,True
Feb2022,550.0,True,0.0,0,1.6042143945291067,0.5627245984534859,1350.0,1247.8610040946296,1010.2116867164789,0,0,True,0,0.0,1179.512882307988,1.6339238425946163,0.614297868706489,1350.0,1240.7185213427367,1032.4311522568485,0,0,True,36,0.0,1179.5358277340558,7.142482751892885,-1.8519624413562463,1.0916492195200633,False
Feb2022,550.0,True,0.0,1,1.6053809694125292,0.5557003975061393,1350.0,1247.78310799076,1009.8172661849026,0,0,True,0,0.0,1179.5749503308318,1.6261293029570296,0.5702260433526861,1350.0,1242.3963760366132,1032.652258127324,0,0,True,36,0.0,1179.4230233101837,5.386731954146853,-1.2924242868091969,1.0261393475904186,False
Feb2022,550.0,True,0.0,2,1.602482426014807,0.4781233371374951,1350.0,1247.3480114028662,1009.0587565905466,0,0,True,0,0.0,1179.4531465827238,1.6246080531595202,0.4690620396257551,1350.0,1240.3343820947184,1032.3734191165113,0,0,True,36,0.0,1179.4346100955909,7.013629308147756,-1.380709503300898,0.981048200729984,False
Feb2022,550.0,True,180.0,0,1.6120780587143706,0.5523835374855841,1350.0,1469.9578770530754,953.5230709718682,0,0,True,0,0.0,1454.1154133111213,1.6242911873270536,0.5362309687621686,1350.0,1469.9216726542277,1044.2067734238312,0,0,True,0,0.0,1499.4554350025176,0.03620439884775806,-0.7576015656725038,0.970758417607916,True
Feb2022,550.0,True,180.0,1,1.6139120480708433,0.5764149596859099,1350.0,1469.876053816029,954.0768814617803,0,0,True,0,0.0,1454.0323566262002,1.6232344787481867,0.5378610301807619,1350.0,1469.9047957493003,1044.6849019703734,0,0,True,0,0.0,1499.6095944004487,0.028741933271248854,-0.5776294122400767,0.9331142801599803,True
Feb2022,550.0,True,180.0,2,1.6073014407412418,0.46034819930294746,1350.0,1470.0,954.6397292802787,0,0,True,0,0.0,1454.0342186194453,1.6229178737496521,0.4528312470520523,1350.0,1469.9820198712575,1044.9620698437989,0,0,True,0,0.0,1499.6411437785812,0.01798012874246524,-0.9715932937388806,0.983671159652026,True
Mar2015,400.0,False,0.0,0,29.64551960291646,1.5106578610812043,1350.0,1301.1745787052175,1117.5857179699121,0,0,True,0,0.0,1203.6225842797471,29.487999633857964,1.3156485419817114,1350.0,1299.7117222818204,1117.5971683641872,0,0,True,36,0.0,1233.4325174747628,1.4628564233971701,0.5313449424006658,0.8709109957168454,False
Mar2015,400.0,False,0.0,1,29.677654031324902,1.5389122433134477,1350.0,1299.1800453434357,1119.257698560961,0,0,True,0,0.0,1204.1127751249921,29.503838336590817,1.2250881336166115,1350.0,1299.1038200043304,1118.3706739771828,0,0,True,36,0.0,1234.359280472172,0.07622533910534912,0.5856786879132073,0.7960740704608742,False
Mar2015,400.0,False,0.0,2,29.644209614712043,1.5884216155576136,1350.0,1301.679951312218,1116.983908978447,0,0,True,0,0.0,1203.7513600747168,29.488476620295526,1.3444291142672762,1350.0,1300.980279698689,1117.70928383185,0,0,True,36,0.0,1233.4992529377478,0.6996716135290626,0.5253403495677256,0.8463931119417031,False
Mar2015,400.0,False,180.0,0,29.62130286915508,1.513944180362715,1350.0,1357.8758990435824,1119.0353860930375,0,0,True,0,0.0,1500.0,29.524944616758116,1.3164711736333377,1350.0,1449.8462694857694,1115.9705015851848,0,0,True,1,0.0,1499.9999999999995,91.970370442187,0.3253005204484197,0.8695638787144278,False
Mar2015,400.0,False,180.0,1,29.633189735817943,1.4976400957739233,1350.0,1360.25275154879,1117.3143979310273,0,0,True,0,0.0,1500.0,29.504228326369013,1.2781972350516015,1350.0,1448.6340450611658,1115.985010462261,0,0,True,1,0.0,1499.9999999999995,88.3812935123758,0.43519246695556774,0.8534742350037563,False
Mar2015,400.0,False,180.0,2,29.615018965577374,1.5802741793499657,1350.0,1353.6777403759943,1116.6135124216687,0,0,True,0,0.0,1500.0,29.471676306794706,1.3872811731504828,1350.0,1449.2878371963993,1115.7725182320846,0,0,True,1,0.0,1499.9999999999995,95.61009682040503,0.4840201485242353,0.8778737204458601,False
Mar2015,400.0,True,0.0,0,30.22480033425586,1.5211991771326683,1350.0,1301.1745828500734,987.9953010591423,0,0,True,0,0.0,1203.6225842797471,29.904061344804358,1.3232862598051347,1350.0,1299.7117220511936,1004.0949734573064,0,0,True,36,0.0,1233.4325174747628,1.462860798879774,1.0611781911028433,0.8698967759760542,False
Mar2015,400.0,True,0.0,1,30.256143468613978,1.5520385947030695,1350.0,1299.180053311298,990.6527622693957,0,0,True,0,0.0,1204.1127751249921,29.933250915158094,1.2369724483775237,1350.0,1299.1038191545622,1001.7356462737089,0,0,True,36,0.0,1234.359280472172,0.07623415673583622,1.0671966630209626,0.7969985106035181,False
Mar2015,400.0,True,0.0,2,30.222361669431557,1.598098475115865,1350.0,1301.6799460985478,990.9539641249365,0,0,True,0,0.0,1203.7513600747168,29.91445405593942,1.3499988006387247,1350.0,1300.980278265587,1001.1909213311264,0,0,True,36,0.0,1233.4992529377478,0.699667832960813,1.0188072555678889,0.8447531999183263,False
Mar2015,400.0,True,180.0,0,30.192885384056744,1.5245514245678635,1350.0,1357.8758967625595,933.6880572558393,0,0,True,0,0.0,1500.0,29.961323691469634,1.3237020235518318,1350.0,1449.8462689804494,1013.8798601574182,0,0,True,1,0.0,1499.9999999999995,91.97037221788992,0.7669412500382817,0.8682567227452083,False
Mar2015,400.0,True,180.0,1,30.201392368335295,1.5100917710847264,1350.0,1360.2527545956473,936.3677107324759,0,0,True,0,0.0,1500.0,29.93426705352708,1.2897262975520312,1350.0,1448.6340444344908,1019.0159090647526,0,0,True,1,0.0,1499.9999999999995,88.38128983884349,0.884480131082576,0.854071469196602,False
Mar2015,400.0,True,180.0,2,30.185830970641867,1.5877700535810608,1350.0,1353.6777464473328,935.5570224309279,0,0,True,0,0.0,1500.0,29.913208117559236,1.3990125334088281,1350.0,1449.287837009097,1017.419773472819,0,0,True,1,0.0,1499.9999999999995,95.61009056176431,0.9031484120737904,0.8811178484274165,False
Mar2015,550.0,False,0.0,0,2.394221773910911,0.5955207035549119,1350.0,1188.8903393543153,1138.3914523564492,0,0,True,0,0.0,1279.708362745608,2.4602093494298707,0.5733003002042725,1350.0,1207.9580628376523,1137.8413958827284,0,0,True,36,0.0,1279.5447452062788,19.067723483336977,-2.7561179268355964,0.9626874377028429,False
Mar2015,550.0,False,0.0,1,2.3962025382430983,0.6377510938092388,1350.0,1189.0456792341975,1137.932696411782,0,0,True,0,0.0,1279.7074496153473,2.453124463108877,0.6164686238735132,1350.0,1208.2387493923704,1138.0479743038227,0,0,True,36,0.0,1279.6562330162265,19.193070158172986,-2.3755055742288764,0.9666288774063765,False
Mar2015,550.0,False,0.0,2,2.3939575468501437,0.5797140333780523,1350.0,1189.2176091799433,1138.4568489696069,0,0,True,0,0.0,1279.3819904766656,2.4516733018731864,0.5240061344483765,1350.0,1207.8851581230595,1138.4809938181202,0,0,True,36,0.0,1279.3909643467514,18.667548943116117,-2.410893004305042,0.9039045189141616,False
Mar2015,550.0,False,180.0,0,2.398726737788427,0.6276443980374514,1350.0,1498.0795397388295,1138.5978654432377,0,0,True,0,0.0,1381.38462159007,2.442433491868404,0.5672147285321835,1350.0,1500.0,1138.1257001912993,0,0,True,0,0.0,1450.7590293311443,1.9204602611705468,-1.8220814147539617,0.903719893471172,True
Mar2015,550.0,False,180.0,1,2.4000011947135107,0.6703357725532848,1350.0,1498.4966840889476,1138.8132418850373,0,0,True,0,0.0,1380.8637537752763,2.4436325742812826,0.6179864518585345,1350.0,1500.0,1138.5120716799813,0,0,True,0,0.0,1452.0713686033246,1.5033159110523684,-1.8179732436749956,0.9219058226665219,True
Mar2015,550.0,False,180.0,2,2.393070812827472,0.5564938840486431,1350.0,1498.0865427930742,1138.0594984753955,0,0,True,0,0.0,1381.1563239700095,2.441740299327978,0.5244249886161393,1350.0,1500.0,1137.948269537172,0,0,True,0,0.0,1452.9984676727834,1.913457206925841,-2.0337670845185816,0.9423733191833233,True
Mar2015,550.0,True,0.0,0,2.44076778112283,0.5991926165470526,1350.0,1188.8920500893328,1005.5842659808488,0,0,True,0,0.0,1279.708362745608,2.4973337667201654,0.5751444370958875,1350.0,1207.9572884107654,1018.7947395888588,0,0,True,36,0.0,1279.5447452062788,19.065238321432616,-2.317548848146182,0.9598656946246321,False
Mar2015,550.0,True,0.0,1,2.442810297314942,0.6416822849199021,1350.0,1189.0459050161667,1003.0743940374302,0,0,True,0,0.0,1279.7074496153473,2.4902201998448734,0.6189423442524857,1350.0,1208.2398183584942,1018.7100269147063,0,0,True,36,0.0,1279.6562330162265,19.193913342327505,-1.9407934616143832,0.9645619939932503,False
Mar2015,550.0,True,0.0,2,2.44054770303609,0.5846490770582073,1350.0,1189.217741335285,1003.4224088851056,0,0,True,0,0.0,1279.3819904766656,2.4888380148114733,0.5283744874690058,1350.0,1207.8865934730288,1018.6151472606572,0,0,True,36,0.0,1279.3909643467514,18.668852137743897,-1.9786669900084046,0.903746380867717,False
Mar2015,550.0,True,180.0,0,2.44435206713718,0.6286107496651168,1350.0,1498.078276429366,946.1438383370821,0,0,True,0,0.0,1381.38462159007,2.4789036409255902,0.5688479816140913,1350.0,1500.0,1042.0034508541037,0,0,True,0,0.0,1450.7590293311443,1.921723570633958,-1.4135268913564012,0.9049288163098338,True
Mar2015,550.0,True,180.0,1,2.4455502121543975,0.6740633682620599,1350.0,1498.4968572775417,948.0216890278255,0,0,True,0,0.0,1380.8637537752763,2.480895573823199,0.6214815307947134,1350.0,1500.0,1042.890935193733,0,0,True,0,0.0,1452.0713686033246,1.5031427224582785,-1.4452928217599008,0.9219927384528869,True
Mar2015,550.0,True,180.0,2,2.4386762772600012,0.5605800015473401,1350.0,1498.0876488308907,948.124042641633,0,0,True,0,0.0,1381.1563239700095,2.478079438225555,0.530102289126726,1350.0,1500.0,1042.7769080097053,0,0,True,0,0.0,1452.9984676727834,1.9123511691093427,-1.6157602111021336,0.9456318235818473,True
May2024,400.0,False,0.0,0,80.49590814895325,2.4169171779696894,1350.0,1456.2809391881092,1102.0191854744173,0,0,True,0,0.0,1156.7780028113214,72.49919287390765,4.897632651568732,1350.0,1450.1550169490515,645.8370349312726,0,0,True,0,0.0,1159.9237347577473,6.125922239057672,9.934312760653773,2.0263965584799006,False
May2024,400.0,False,0.0,1,80.51222541148638,2.3434194480763755,1350.0,1453.5310342261919,1102.039938821798,0,0,True,0,0.0,1159.8159156288423,72.6983997079861,4.869636606372763,1350.0,1450.4990644527566,645.8373595484945,0,0,True,0,0.0,1162.221779827318,3.0319697734353213,9.705141875739924,2.078004691123505,True
May2024,400.0,False,0.0,2,80.48122809961745,2.4213269672409714,1350.0,1455.3026399882147,1100.5003185398107,0,0,True,0,0.0,1156.7387175195956,72.53101154862823,4.834243557688245,1350.0,1450.0000000000002,656.3879516656712,0,0,True,0,0.0,1159.712427879215,5.302639988214423,9.878348950078975,1.9965265423020166,False
May2024,400.0,False,180.0,0,80.73367218013024,2.3672532763066703,1350.0,1241.3213852427111,1028.734158577298,0,0,True,0,0.0,1467.1393431045635,72.7231823929304,5.023068033996541,1350.0,1060.5188688573437,652.5104765743213,0,0,True,36,0.0,1388.603894536969,180.80251638536743,9.922117464602763,2.1218971726732203,False
May2024,400.0,False,180.0,1,80.76529402509634,2.3748532457220537,1350.0,1245.7695350985034,1029.5478411076567,0,0,True,0,0.0,1464.0710648171166,72.65355211489516,5.035352280437094,1350.0,1027.6887849658026,653.98719475291,0,0,True,36,0.0,1368.9405298964962,218.0807501327008,10.043598563116232,2.1202793433689155,False
May2024,400.0,False,180.0,2,80.71572463684636,2.3616066293294518,1350.0,1242.6808049291003,1029.5076611432944,0,0,True,0,0.0,1464.0796638480842,72.69909544416839,4.951658245952313,1350.0,1020.1164257885528,649.902877734387,0,0,True,36,0.0,1390.562807887236,222.56437914054754,9.931929904298242,2.0967328700962673,False
May2024,400.0,True,0.0,0,82.08611405272985,2.440656183782903,1350.0,1456.2809352450895,951.7822305224269,0,0,True,0,0.0,1156.7780028113214,74.0542792597881,5.0905379093879475,1350.0,1450.155015762344,586.635269770756,0,0,True,0,0.0,1159.9237347577473,6.12591948274553,9.784644925184693,2.0857251190119914,False
May2024,400.0,True,0.0,1,82.10788615631884,2.373361099336084,1350.0,1453.5310038163034,953.1128224503348,0,0,True,0,0.0,1159.8159156288423,74.24172695963054,5.052647114673776,1350.0,1450.4992323567978,571.5344183187531,0,0,True,0,0.0,1162.221779827318,3.031771459505535,9.580272449972139,2.1288994397385155,True
May2024,400.0,True,0.0,2,82.07097783902334,2.444521470370105,1350.0,1455.3026438426932,953.6712246951714,0,0,True,0,0.0,1156.7387175195956,74.06194867756224,5.018340205722318,1350.0,1450.0000000000002,581.5759552588623,0,0,True,0,0.0,1159.712427879215,5.302643842692987,9.758661797804175,2.052892668994448,False
May2024,400.0,True,180.0,0,82.31417279885129,2.3909184598453352,1350.0,1241.3213866669207,958.9612839530616,0,0,True,0,0.0,1467.1393431045635,74.32435381945223,5.273230068030001,1350.0,1060.5182318239074,575.2927593289826,0,0,True,36,0.0,1388.603894536969,180.80315484301332,9.706492463847685,2.205524846033904,False
May2024,400.0,True,180.0,1,82.33109329823121,2.3980496248960876,1350.0,1245.769500066665,959.883248532106,0,0,True,0,0.0,1464.0710648171166,74.26776458459067,5.312958065739736,1350.0,1027.6888492688354,594.4638635079915,0,0,True,36,0.0,1368.9405298964962,218.08065079782955,9.793783114761304,2.2155329942223183,False
May2024,400.0,True,180.0,2,82.30395192679586,2.385185899127942,1350.0,1242.680782916534,947.9940961211105,0,0,True,0,0.0,1464.0796638480842,74.33264331506321,5.225742878872167,1350.0,1020.1160383599129,578.9551059187799,0,0,True,36,0.0,1390.562807887236,222.56474455662124,9.685207605611241,2.190916389696406,False
May2024,550.0,False,0.0,0,9.469068475366575,0.9462994626430539,1350.0,1235.9972500583574,1146.6607246433239,0,0,True,0,0.0,1419.36826357018,9.623072514629923,0.9660672258097162,1350.0,1236.1399136977195,1146.5508520554636,0,0,True,36,0.0,1419.313278743038,0.14266363936212656,-1.6263905965405607,1.0208895428424425,False
May2024,550.0,False,0.0,1,9.469757275549979,0.8641719031540288,1350.0,1236.039937251667,1146.984567231225,0,0,True,0,0.0,1419.51520013157,9.634844671200511,0.8889976931352207,1350.0,1236.0803021571578,1146.6831620640673,0,0,True,36,0.0,1419.4725808436583,0.040364905490832825,-1.7433117961404634,1.0287278374714377,False
May2024,550.0,False,0.0,2,9.462568447452965,0.8800700567073432,1350.0,1238.4370031615942,1147.7318073894367,0,0,True,0,0.0,1419.3816234989874,9.614074737458681,0.8950580040593459,1350.0,1236.7830967358523,1147.0387879684824,0,0,True,36,0.0,1419.2652628992962,1.6539064257419795,-1.601111694431099,1.0170304025659933,False
May2024,550.0,False,180.0,0,9.458197171208479,0.9029106926359605,1350.0,1413.2098970644788,1048.3521838456863,0,0,True,0,0.0,1294.8488169388725,9.548298908350025,0.9194329840728206,1350.0,1462.555404389226,1047.9695254451815,0,0,True,0,0.0,1364.376731893353,49.34550732474713,-0.9526311992715027,1.0182989210025024,False
May2024,550.0,False,180.0,1,9.460647502556606,0.9111480814478101,1350.0,1412.7282807688266,1048.504110106419,0,0,True,0,0.0,1294.205854472659,9.52143767061835,0.882472686253859,1350.0,1460.6560974817098,1048.1166900152846,0,0,True,0,0.0,1363.0189220478817,47.927816712883214,-0.6425582186136539,0.9685282823090775,False
May2024,550.0,False,180.0,2,9.45119229163926,0.883715403491351,1350.0,1412.4112575443405,1047.639089464069,0,0,True,0,0.0,1294.5259303098953,9.536185209656697,0.8930609906131219,1350.0,1463.0142473446615,1047.6505100361953,0,0,True,0,0.0,1364.0893221445197,50.602989800320984,-0.899282496798044,1.010575335775351,False
May2024,550.0,True,0.0,0,9.691975728101708,0.959041196423707,1350.0,1235.9972495525049,985.7796305221058,0,0,True,0,0.0,1419.36826357018,9.800816825713158,0.9798908715276504,1350.0,1236.1399160585304,1051.4987301657352,0,0,True,36,0.0,1419.313278743038,0.14266650602553455,-1.1230021686483052,1.0217401245970377,False
May2024,550.0,True,0.0,1,9.692335313496887,0.8762151874318438,1350.0,1236.0399357134065,987.0409504841009,0,0,True,0,0.0,1419.51520013157,9.82075941494648,0.9029604904835697,1350.0,1236.0803074750743,1051.266530753693,0,0,True,36,0.0,1419.4725808436583,0.0403717616677568,-1.3250067945003712,1.0305236697963607,False
May2024,550.0,True,0.0,2,9.684983940724003,0.8912692805206794,1350.0,1238.4369979240512,987.7135787677122,0,0,True,0,0.0,1419.3816234989874,9.793766904275843,0.9107935453788697,1350.0,1236.7830960921156,1050.895416425047,0,0,True,36,0.0,1419.2652628992962,1.6539018319356273,-1.1232126373945088,1.0219061346384386,False
May2024,550.0,True,180.0,0,9.68000164081277,0.9086580857297493,1350.0,1413.2098810999253,981.7101084004019,0,0,True,0,0.0,1294.8488169388725,9.728181697151635,0.9323457840412678,1350.0,1462.5554487728932,1040.3484634020685,0,0,True,0,0.0,1364.376731893353,49.345567672967945,-0.49772777037276605,1.0260688796848099,False
May2024,550.0,True,180.0,1,9.681966014808538,0.92748612063451,1350.0,1412.728268514238,981.8983003884622,0,0,True,0,0.0,1294.205854472659,9.699765913766559,0.9062804974697019,1350.0,1460.6562126074093,1041.0184699924762,0,0,True,0,0.0,1363.0189220478817,47.92794409317139,-0.18384591446402662,0.9771364522950479,False
May2024,550.0,True,180.0,2,9.67348921320336,0.8987905013454435,1350.0,1412.4112451725478,979.397837982749,0,0,True,0,0.0,1294.5259303098953,9.71441178704665,0.9151286481301852,1350.0,1463.014276216415,1040.7970015175815,0,0,True,0,0.0,1364.0893221445197,50.603031043867304,-0.4230383984657177,1.0181779255124352,False
