event,h_km,payload,phase_deg,n_pairs,n_matched,saving_mean_pct,saving_min_pct,saving_max_pct,pi_rms_m,mpc_rms_m,endpoint_difference_max_Wh,pi_minE_Wh,mpc_minE_Wh
Feb2022,400.0,False,0.0,3,0,-2.039696402895174,-2.1030056007191145,-1.9951612650966613,1.2307382024275786,1.1189436791986758,4.426235391111959,1130.4833577595223,1127.2106538364567
Feb2022,400.0,False,180.0,3,0,-0.68036250283323,-0.6958691374175935,-0.6574815724220318,1.207569447125902,1.1428074527294143,25.99050257998033,1128.4059915442529,1127.7642019868952
Feb2022,400.0,True,0.0,3,0,-1.4963778929796685,-1.5513287456313452,-1.4626002531171103,1.2414531156257111,1.1276430370531623,4.4262329324139955,993.1314390282937,1019.8491195144196
Feb2022,400.0,True,180.0,3,0,-0.17156634133376833,-0.19120298014035705,-0.1424367094566214,1.2185877036481638,1.1550759079272968,25.99050046085881,921.996553856592,1006.6823023488566
Feb2022,550.0,False,0.0,3,0,-1.9855806715925375,-2.329363995933308,-1.7708312609416226,0.52917370125071,0.5500565854507066,7.10856526439261,1138.9775296763512,1139.1083982919117
Feb2022,550.0,False,180.0,3,3,-1.166660032257574,-1.3781429053773309,-0.9686384814388725,0.5266703074892115,0.506963028159135,0.036898863967280704,1138.778346350615,1138.8137556607521
Feb2022,550.0,True,0.0,3,0,-1.5083654104887803,-1.8519624413562463,-1.2924242868091969,0.5321827776990401,0.55119531722831,7.142482751892885,1009.0587565905466,1032.3734191165113
Feb2022,550.0,True,180.0,3,3,-0.7689414238838204,-0.9715932937388806,-0.5776294122400767,0.5297155654914806,0.508974415331661,0.03620439884775806,953.5230709718682,1044.2067734238312
Mar2015,400.0,False,0.0,3,0,0.5474546599605329,0.5253403495677256,0.5856786879132073,1.5459972399840884,1.295055263288533,1.4628564233971701,1116.983908978447,1117.5971683641872
Mar2015,400.0,False,180.0,3,0,0.4148377119760743,0.3253005204484197,0.4840201485242353,1.5306194851622015,1.327316527278474,95.61009682040503,1116.6135124216687,1115.7725182320846
Mar2015,400.0,True,0.0,3,0,1.049060703230565,1.0188072555678889,1.0671966630209626,1.5571120823172009,1.3034191696071276,1.462860798879774,987.9953010591423,1001.1909213311264
Mar2015,400.0,True,180.0,3,0,0.851523264398216,0.7669412500382817,0.9031484120737904,1.540804416411217,1.3374802848375638,95.61009056176431,933.6880572558393,1013.8798601574182
Mar2015,550.0,False,0.0,3,0,-2.5141721684565046,-2.7561179268355964,-2.3755055742288764,0.6043286102474009,0.5712583528420541,19.193070158172986,1137.932696411782,1137.8413958827284
Mar2015,550.0,False,180.0,3,3,-1.8912739143158461,-2.0337670845185816,-1.8179732436749956,0.6181580182131264,0.5698753896689525,1.9204602611705468,1138.0594984753955,1137.948269537172
Mar2015,550.0,True,0.0,3,0,-2.07900309992299,-2.317548848146182,-1.9407934616143832,0.6085079928417206,0.5741537562724597,19.193913342327505,1003.0743940374302,1018.6151472606572
Mar2015,550.0,True,180.0,3,3,-1.4915266414061452,-1.6157602111021336,-1.4135268913564012,0.6210847064915056,0.5734772671785102,1.921723570633958,946.1438383370821,1042.0034508541037
May2024,400.0,False,0.0,3,1,9.839267862157557,9.705141875739924,9.934312760653773,2.393887864429012,4.8671709385432465,6.125922239057672,1100.5003185398107,645.8370349312726
May2024,400.0,False,180.0,3,0,9.965881977339079,9.922117464602763,10.043598563116232,2.3679043837860587,5.003359520128649,222.56437914054754,1028.734158577298,649.902877734387
May2024,400.0,True,0.0,3,1,9.707859724320336,9.580272449972139,9.784644925184693,2.4195129178296972,5.053841743261347,6.12591948274553,951.7822305224269,571.5344183187531
May2024,400.0,True,180.0,3,0,9.728494394740077,9.685207605611241,9.793783114761304,2.391384661289788,5.270643670880635,222.56474455662124,947.9940961211105,575.2927593289826
May2024,550.0,False,0.0,3,0,-1.6569380290373743,-1.7433117961404634,-1.601111694431099,0.8968471408348085,0.9167076410014277,1.6539064257419795,1146.6607246433239,1146.5508520554636
May2024,550.0,False,180.0,3,0,-0.8314906382277335,-0.9526311992715027,-0.6425582186136539,0.8992580591917072,0.8983222203132671,50.602989800320984,1047.639089464069,1047.6505100361953
May2024,550.0,True,0.0,3,0,-1.1904072001810617,-1.3250067945003712,-1.1230021686483052,0.90884188812541,0.9312149691300299,1.6539018319356273,985.7796305221058,1050.895416425047
May2024,550.0,True,180.0,3,0,-0.36820402776750344,-0.49772777037276605,-0.18384591446402662,0.9116449025699009,0.917918309880385,50.603031043867304,979.397837982749,1040.3484634020685
