case,event,h_km,n_pairs,n_matched,matched_saving_min,matched_saving_max,matched_saving_mean,raw_saving_mean,event_rms_ratio,pi_min_SOC,mpc_min_SOC,pi_endpoint_min,mpc_endpoint_min,qp_failures,pi_floor_viol,mpc_floor_viol
baseline,Feb2022,400.0,3,3,-0.6372643223722857,-0.600875012865199,-0.6165322883446192,-0.6165322883446192,0.897522410870859,0.7506290330211307,0.7506371790188624,1500.0,1500.0,0,0,0
baseline,Feb2022,550.0,3,3,-1.176922276944467,-1.1216757169105183,-1.1507641101778947,-1.1507641101778947,0.9719065975972677,0.759230920277004,0.7592245179474223,1500.0,1500.0,0,0,0
baseline,Mar2015,400.0,3,3,0.5757023962218496,0.602562500161079,0.5894299936985438,0.5894299936985438,0.8475347879413263,0.7444895185123254,0.7444944542720922,1500.0,1500.0,0,0,0
baseline,Mar2015,550.0,3,3,-1.4928757479415495,-1.4588059334458656,-1.4787374951574084,-1.4787374951574084,0.9487919736412579,0.7585708118921022,0.7585609305113205,1500.0,1500.0,0,0,0
baseline,May2024,400.0,3,3,7.839707109755199,7.963694199246271,7.912481677841899,7.912481677841899,2.0895837197076315,0.7336668792657646,0.43055802688679135,1500.0,1500.0,0,0,0
baseline,May2024,550.0,3,3,-0.6217060705344698,-0.5002371196783242,-0.554385939262913,-0.554385939262913,1.006557748389939,0.7644404837202713,0.7643672352980669,1500.0,1500.0,0,0,0
delay6,Feb2022,400.0,3,3,-0.6931518304637715,-0.6511069203876685,-0.6692097530672337,-0.6692097530672337,0.897522410870859,0.7507852419764581,0.7507852574919142,1500.0,1500.0,0,0,0
delay6,Feb2022,550.0,3,3,-1.247080872643315,-1.1760041296801544,-1.2152829547863007,-1.2152829547863007,0.9719065975972677,0.7592023769429139,0.7591993167830136,1500.0,1500.0,0,0,0
delay6,Mar2015,400.0,3,3,0.6219093340136972,0.6814597378532676,0.6503026428224388,0.6503026428224388,0.8475347879413263,0.7446559384081974,0.745064779927233,1500.0,1500.0,0,0,0
delay6,Mar2015,550.0,3,3,-1.5492461384209577,-1.5186219123914468,-1.5356877000869134,-1.5356877000869134,0.9487919736412579,0.7585435671599943,0.7585425211687719,1500.0,1500.0,0,0,0
delay6,May2024,400.0,3,3,8.196691853401626,8.337804644231865,8.286559145305455,8.286559145305455,2.0895837197076315,0.7336668792657646,0.43055802688679135,1500.0,1500.0,0,0,0
delay6,May2024,550.0,3,3,-0.5603145818539756,-0.4563084916682291,-0.49662961917215803,-0.49662961917215803,1.006557748389939,0.7644404837202713,0.7643672352980669,1500.0,1500.0,0,0,0
delay12,Feb2022,400.0,3,3,-0.7567010723103001,-0.7236792388390079,-0.7363183956791889,-0.7363183956791889,0.897522410870859,0.75078537296233,0.7507856438086642,1500.0,1500.0,0,0,0
delay12,Feb2022,550.0,3,3,-1.3381473096887435,-1.2584254026147212,-1.3045161370654872,-1.3045161370654872,0.9719065975972677,0.7591970733876595,0.759184182394287,1500.0,1500.0,0,0,0
delay12,Mar2015,400.0,3,3,0.6522962050534958,0.7104382946983766,0.6874508918270371,0.6874508918270371,0.8475347879413263,0.7446559384081974,0.745064779927233,1500.0,1500.0,0,0,0
delay12,Mar2015,550.0,3,3,-1.6323859252119552,-1.6114091834676505,-1.6220584892571124,-1.6220584892571124,0.9487919736412579,0.7585203629809325,0.7585146702338872,1500.0,1500.0,0,0,0
delay12,May2024,400.0,3,3,8.645629273353117,8.745941177628085,8.704226824941365,8.704226824941365,2.0895837197076315,0.7336668792657646,0.43055802688679135,1500.0,1500.0,0,0,0
delay12,May2024,550.0,3,3,-0.6270977428178816,-0.5282842285091496,-0.5654577302920673,-0.5654577302920673,1.006557748389939,0.7644404837202713,0.7643672352980669,1500.0,1500.0,0,0,0
delay24,Feb2022,400.0,3,2,-0.8925374217303157,-0.8917602947999387,-0.8921488582651271,-0.892259652365141,0.897522410870859,0.7530765766328221,0.7518708329783217,1500.0,1500.0,0,0,0
delay24,Feb2022,550.0,3,3,-1.657237359860111,-1.552248236071917,-1.6123613170436866,-1.6123613170436866,0.9719065975972677,0.7593183533825738,0.7592344960152545,1500.0,1500.0,0,0,0
delay24,Mar2015,400.0,3,3,0.6750742817759092,0.7425857405314811,0.7112530812478792,0.7112530812478792,0.8475347879413263,0.7446559384081974,0.745064779927233,1500.0,1500.0,0,0,0
delay24,Mar2015,550.0,3,3,-2.039533510233025,-2.0225125416251264,-2.032002629760974,-2.032002629760974,0.9487919736412579,0.7586217974805577,0.7585609305113205,1500.0,1500.0,0,0,0
delay24,May2024,400.0,3,0,,,,9.820708536927626,2.0895837197076315,0.7336668792657646,0.43055802688679135,1500.0,1456.736321227108,0,0,0
delay24,May2024,550.0,3,3,-0.7429870114186994,-0.6328483173840198,-0.6699831482604237,-0.6699831482604237,1.006557748389939,0.7644404837202713,0.7643672352980669,1500.0,1500.0,0,0,0
area8,Feb2022,400.0,3,3,-0.6638307255932611,-0.6267663538213536,-0.6424817213037227,-0.6424817213037227,0.897522410870859,0.7524905246081208,0.7524905266144797,1500.0,1500.0,0,0,0
area8,Feb2022,550.0,3,3,-1.2387841978284584,-1.179730897176749,-1.2108130110937052,-1.2108130110937052,0.9719065975972677,0.7593183533825738,0.7592344960152545,1500.0,1500.0,0,0,0
area8,Mar2015,400.0,3,3,0.6149078162849317,0.6404320033890507,0.630039224614772,0.630039224614772,0.8475347879413263,0.7446559384081974,0.745064779927233,1500.0,1500.0,0,0,0
area8,Mar2015,550.0,3,3,-1.5693569736178654,-1.5330753717255778,-1.5542482083608948,-1.5542482083608948,0.9487919736412579,0.7586217974805577,0.7585609305113205,1500.0,1500.0,0,0,0
area8,May2024,400.0,3,3,8.216597659559358,8.349345609768546,8.294558755479903,8.294558755479903,2.0895837197076315,0.7336668792657646,0.43055802688679135,1500.0,1500.0,0,0,0
area8,May2024,550.0,3,3,-0.6450651590685101,-0.516876666048298,-0.5740046064457107,-0.5740046064457107,1.006557748389939,0.7644404837202713,0.7643672352980669,1500.0,1500.0,0,0,0
area6,Feb2022,400.0,3,0,,,,-0.6997920091336818,0.897522410870859,0.0,0.0,112.25080352082932,112.25096681043806,0,93,93
area6,Feb2022,550.0,3,0,,,,-1.2739672999414287,0.9719065975972677,0.0,0.0,140.80284857539215,140.75488433471713,0,0,0
area6,Mar2015,400.0,3,0,,,,0.6663349347412387,0.8475347879413263,0.0,0.0,106.38271890954195,106.38304129581915,0,178,177
area6,Mar2015,550.0,3,0,,,,-1.6809243975264556,0.9487919736412579,0.0,0.0,140.02731825797252,140.03128927907701,0,0,0
area6,May2024,400.0,3,0,,,,9.731990548459349,2.0895837197076315,0.0,0.0,100.13527200000003,100.13527200000003,0,639,699
area6,May2024,550.0,3,0,,,,-0.6148519786995132,1.006557748389939,0.0,0.0,134.81944216604936,134.82749138158636,0,0,0
gen1200,Feb2022,400.0,3,3,0.8457589904077161,0.8797475857173991,0.8616770639793735,0.8616770639793735,0.9021540633184171,0.7492434755979352,0.7506300926257783,1500.0,1500.0,0,0,0
gen1200,Feb2022,550.0,3,3,-1.0756801441289505,-0.9805395267965914,-1.0169491248909883,-1.0169491248909883,0.9774587874804133,0.7493122493561569,0.7591731532560002,1500.0,1500.0,0,0,0
gen1200,Mar2015,400.0,3,3,2.645218005460086,2.76327079691942,2.697651293684576,2.697651293684576,0.8401858033284446,0.7417710131357201,0.7400716630450778,1500.0,1500.0,0,0,0
gen1200,Mar2015,550.0,3,3,-0.8298425453476167,-0.7787255718687534,-0.8084917594482578,-0.8084917594482578,0.9409221346026673,0.7584608005682381,0.7584160045041222,1500.0,1500.0,0,0,0
gen1200,May2024,400.0,3,3,6.616703710752967,6.675663403980347,6.654207410674627,6.654207410674627,3.112402819928521,0.725057762322293,0.3582752848100286,1500.0,1500.0,0,0,0
gen1200,May2024,550.0,3,3,0.7772300458436016,1.009135585871124,0.8963811025399968,0.8963811025399968,0.9975285777760936,0.7640884145847411,0.7640920334328363,1500.0,1500.0,0,0,0
gen1800,Feb2022,400.0,3,3,-0.7750089197867215,-0.73340622956158,-0.7515995594055497,-0.7515995594055497,0.8976752945232032,0.7506288063539894,0.7506432661818727,1500.0,1500.0,0,0,0
gen1800,Feb2022,550.0,3,3,-0.9761958942588673,-0.9366516539960604,-0.9572025489462582,-0.9572025489462582,0.9660915287151135,0.7592339554703403,0.7592273709207067,1500.0,1500.0,0,0,0
gen1800,Mar2015,400.0,3,3,-0.15453673730397574,-0.09679194141976227,-0.12417627886499756,-0.12417627886499756,0.8457554660085069,0.7444579989933756,0.7444678863118841,1500.0,1500.0,0,0,0
gen1800,Mar2015,550.0,3,3,-1.593995379585002,-1.5214191378147603,-1.566137255743952,-1.566137255743952,0.9511514183310804,0.7585736378408418,0.7585694900151126,1500.0,1500.0,0,0,0
gen1800,May2024,400.0,3,3,8.026256488910324,8.273486624771675,8.185840738133237,8.185840738133237,1.5971459514275603,0.739136332614519,0.5015456666846546,1500.0,1500.0,0,0,0
gen1800,May2024,550.0,3,3,-0.9353321741232926,-0.8296654119717236,-0.8880810107028899,-0.8880810107028899,1.0015654788199182,0.7646817500798663,0.7645952350011567,1500.0,1500.0,0,0,0
load480,Feb2022,400.0,3,3,-1.4229070293268096,-1.3924244239665111,-1.4036009147450654,-1.4036009147450654,0.9001095938204479,0.7986286700054026,0.7986443689758226,1500.0,1500.0,0,0,0
load480,Feb2022,550.0,3,3,-2.2969729148461115,-2.217449175386312,-2.2543104801378893,-2.2543104801378893,0.9699480358206188,0.8072348337015179,0.8072280340435316,1500.0,1500.0,0,0,0
load480,Mar2015,400.0,3,3,-0.6068020317437444,-0.5423248864556909,-0.5731548560727041,-0.5731548560727041,0.8455954911081763,0.7924499386546724,0.7924592911285825,1500.0,1500.0,0,0,0
load480,Mar2015,550.0,3,3,-2.7591362348069715,-2.678204963564266,-2.7286490819862568,-2.7286490819862568,0.9559723336882074,0.8065746002305509,0.806570081568967,1500.0,1500.0,0,0,0
load480,May2024,400.0,3,3,8.034731461214633,8.28838033679221,8.195355703934688,8.195355703934688,1.582143280820693,0.7850427277095078,0.4538241463615261,1500.0,1500.0,0,0,0
load480,May2024,550.0,3,3,-1.5838625018877905,-1.4374835787135198,-1.509007147283139,-1.509007147283139,1.0035238196422427,0.8114183229661966,0.8113348292266632,1500.0,1500.0,0,0,0
load720,Feb2022,400.0,3,3,1.0956022003563308,1.1196489288156444,1.10840750223681,1.10840750223681,0.8985436657116038,0.7026271976129135,0.7026337077459337,1500.0,1500.0,0,0,0
load720,Feb2022,550.0,3,3,0.23413090276889426,0.2897036540997907,0.26462667240557514,0.26462667240557514,0.9718688618840815,0.711227619981939,0.711178648475733,1500.0,1500.0,0,0,0
load720,Mar2015,400.0,3,3,2.4719629179027223,2.562932757834747,2.5058902745721308,2.5058902745721308,0.8401703067383371,0.6943426639336872,0.6955385911580468,1500.0,1500.0,0,0,0
load720,Mar2015,550.0,3,3,0.1555356011167135,0.1846024156785236,0.16954177862988648,0.16954177862988648,0.9391569186946271,0.7104834846239211,0.71042814551382,1500.0,1500.0,0,0,0
load720,May2024,400.0,3,3,7.957303627766663,8.078105468065159,8.007245190409535,8.007245190409535,2.525178981748475,0.682272342021672,0.42144818601121364,1500.0,1500.0,0,0,0
load720,May2024,550.0,3,3,0.887327865446779,1.093773688440886,1.0121445070895205,1.0121445070895205,0.9990623266974724,0.7174719522511669,0.7174438274638988,1500.0,1500.0,0,0,0
cap1200,Feb2022,400.0,3,3,0.7591633130040325,0.8021545623944413,0.7870490972558238,0.7870490972558238,0.8913828515598583,0.6882860666570788,0.6882976083812726,1200.0,1200.0,0,0,0
cap1200,Feb2022,550.0,3,3,-0.4381739943624771,-0.3980876415385285,-0.41963725345161346,-0.41963725345161346,0.9694910336780139,0.6990383856406784,0.6990302299890382,1200.0,1200.0,0,0,0
cap1200,Mar2015,400.0,3,3,1.7848632526742243,1.9053618074497365,1.8403864195796649,1.8403864195796649,0.8427200328139909,0.6805955601063186,0.6806128546287247,1200.0,1200.0,0,0,0
cap1200,Mar2015,550.0,3,3,-0.7243830540412793,-0.6708350358743891,-0.7048332213826994,-0.7048332213826994,0.9458449088744953,0.6982132365902946,0.6982045103537736,1200.0,1200.0,0,0,0
cap1200,May2024,400.0,3,3,8.481812796378545,8.553597480946348,8.52282945346148,8.52282945346148,2.0801179562871437,0.6664949350977869,0.4881923191938996,1200.0,1200.0,0,0,0
cap1200,May2024,550.0,3,3,0.4417071994214308,0.5023455898009904,0.4727626057868166,0.4727626057868166,0.9987595257937191,0.7055213071585623,0.705465787212095,1200.0,1200.0,0,0,0
cap1800,Feb2022,400.0,3,3,-1.3841001309277443,-1.3458174644057208,-1.3638485578475121,-1.3638485578475121,0.9014490930200599,0.786347072425117,0.7921976488635014,1800.0,1800.0,0,0,0
cap1800,Feb2022,550.0,3,3,-1.8847031976030115,-1.833220490278583,-1.8609605731287029,-1.8609605731287029,0.9741068120654383,0.7891758765182795,0.7993537513783577,1800.0,1800.0,0,0,0
cap1800,Mar2015,400.0,3,3,0.14129504845860094,0.18745352352829542,0.16399027107133599,0.16399027107133599,0.8502442508922843,0.7870725075522496,0.7870782869341592,1800.0,1800.0,0,0,0
cap1800,Mar2015,550.0,3,3,-2.2424546696918033,-2.208962500255091,-2.2283592940365597,-2.2283592940365597,0.9522534514985747,0.7988092009803971,0.7988006413200779,1800.0,1800.0,0,0,0
cap1800,May2024,400.0,3,3,7.371892489847403,7.462369341583775,7.424079608672616,7.424079608672616,2.100941438166217,0.7784463292045857,0.39213200062139114,1800.0,1800.0,0,0,0
cap1800,May2024,550.0,3,3,-1.3828115831198855,-1.2561908574442742,-1.3137603701877252,-1.3137603701877252,1.0101840391543455,0.8037199459510204,0.8036398682982249,1800.0,1800.0,0,0,0
eta04,Feb2022,400.0,3,3,-0.37472685367759223,-0.34516738634553146,-0.3587222813223097,-0.3587222813223097,0.8965742158697808,0.7482857988377335,0.7482963807798092,1500.0,1500.0,0,0,0
eta04,Feb2022,550.0,3,3,-1.0895051823616335,-1.0300312561095966,-1.0608704237038082,-1.0608704237038082,0.9715758572932268,0.7590386130086806,0.7590305313894972,1500.0,1500.0,0,0,0
eta04,Mar2015,400.0,3,3,0.9428867480437549,0.96053290493067,0.9540273334331261,0.9540273334331261,0.8460031994466548,0.7405808105660271,0.7406194864798382,1500.0,1500.0,0,0,0
eta04,Mar2015,550.0,3,3,-1.3663036162538889,-1.320888490303968,-1.3501430043193672,-1.3501430043193672,0.9482602623321515,0.7582134954922687,0.7582037265467954,1500.0,1500.0,0,0,0
eta04,May2024,400.0,3,3,8.589264154541338,8.803741458346135,8.696396196846685,8.696396196846685,2.1907417882103712,0.7219009294812487,0.4387949132337196,1500.0,1500.0,0,0,0
eta04,May2024,550.0,3,3,-0.4314393200928904,-0.30903400398616465,-0.36521256025071497,-0.36521256025071497,1.0050927467918591,0.7638788065444927,0.7637915530184438,1500.0,1500.0,0,0,0
eta06,Feb2022,400.0,3,3,-0.8018880830999688,-0.7734152039258232,-0.7844133791654428,-0.7844133791654428,0.8983623568014617,0.7521910818653063,0.7521976364568969,1500.0,1500.0,0,0,0
eta06,Feb2022,550.0,3,3,-1.2379373434382566,-1.1867126611799341,-1.213519800982965,-1.213519800982965,0.9721205206054836,0.7593591168213045,0.7593537964503139,1500.0,1500.0,0,0,0
eta06,Mar2015,400.0,3,3,0.3847824469091571,0.4284522484548471,0.40047401454684256,0.40047401454684256,0.8480566752929594,0.7470731996511686,0.7470766756000069,1500.0,1500.0,0,0,0
eta06,Mar2015,550.0,3,3,-1.585639541575353,-1.5531025626083725,-1.5693256088165557,-1.5693256088165557,0.9492320325713655,0.7588090185367465,0.7587990025778465,1500.0,1500.0,0,0,0
eta06,May2024,400.0,3,3,7.479116203111667,7.55563246622802,7.5212347906462815,7.5212347906462815,2.005710733685969,0.7410510273487786,0.428676169198888,1500.0,1500.0,0,0,0
eta06,May2024,550.0,3,3,-0.7441303234166766,-0.6380359965681757,-0.6849248763529928,-0.6849248763529928,1.0071769354367854,0.7648137882780497,0.76475057286361,1500.0,1500.0,0,0,0
