case,event,h_km,ctrl,seed,sunlight_fraction,rms,maxabs,min_x,fuel_g,minA,minE,n_floor_viol,drag_imp,thr_imp,x_end,mean_gen_loss,max_slack,max_slack_x_m,max_slack_E_Wh,max_slack_T_mN,u_sat_frac,n_area_floor_viol,forced_fallback_steps,missing_measurement_steps,unserved_bus_Wh,n_energy_floor_viol,n_physical_battery_floor,powered_regime_valid,qp_attempts_all,qp_failures_all,max_qp_violation,max_kkt_scaled,max_complementarity,loop_med_ms,loop_p99_ms,loop_max_ms,solve_med_ms,solve_p99_ms,solve_max_ms,E_start_Wh,E_end_Wh
Cd_truth_1.8,May2024,400.0,pid_ff,1.0,1.0,2.6380692149914133,9.418473227570454,-9.143508366619548,73.75460007196052,10.0,1500.0,0.0,1301.9523947116706,1301.9139878322474,0.6933986299360791,0.0,0.0,0.0,0.0,0.0,0.0011574074074074073,0.0,0.0,0.0,0.0,0.0,0.0,1.0,0.0,0.0,,,,0.18731616675419596,1.0981444033950496,4.960694999984601,,,,,
Cd_truth_1.8,May2024,400.0,pid_lowdrag,1.0,1.0,2.336514390035147,8.48799915984273,-8.168906402774155,59.35938370875575,7.477866289519838,1363.5908052988032,0.0,1047.8021314579792,1047.8100604454391,0.7315552228440841,0.25392617696972014,0.0,0.0,0.0,0.0,0.00038580246913580245,0.0,0.0,0.0,0.0,0.0,0.0,1.0,0.0,0.0,,,,0.20448800000849587,0.9069010199906787,6.07831033327481,,,,,
Cd_truth_1.8,May2024,400.0,swmpc,1.0,1.0,3.4297713209133978,11.689872032031417,-7.057536794493596,58.407569480739774,5.66184829441056,863.4628760943183,0.0,1030.8009130790708,1031.0086642469353,2.2153660875434675,0.26480940941563347,2.9843985619108184,0.0,0.0,2.9843985619108184,0.0,0.0,0.0,0.0,0.0,0.0,0.0,1.0,1008.0,0.0,2.8800665556142726e-12,1.0032589178384415e-08,6.996560426955752e-11,1.140246166490518,4.991571380070727,9.94795700019798,0.41561816669855034,2.1138200434673586,6.259025333292811,,
Cd_truth_2.6,May2024,400.0,pid_ff,1.0,1.0,3.0488797117899025,11.143763875588775,-11.143763875588775,106.53533722904199,10.0,1500.0,0.0,1880.6100906066738,1880.558576706957,0.9553141739840308,0.0,0.0,0.0,0.0,0.0,0.07445987654320989,0.0,0.0,0.0,0.0,0.0,0.0,1.0,0.0,0.0,,,,0.179470833245432,0.8468802632190383,2.871604333298213,,,,,
Cd_truth_2.6,May2024,400.0,pid_lowdrag,1.0,1.0,2.692457191799781,10.195541882887483,-9.471385931285718,89.66997385651922,7.587115165004782,1363.980119010767,0.0,1582.8508321515137,1582.8516884160692,1.1370664567997057,0.21340938665110984,0.0,0.0,0.0,0.0,0.030478395061728395,0.0,0.0,0.0,0.0,0.0,0.0,1.0,0.0,0.0,,,,0.19431233340583276,1.3289882365734191,6.872413666466552,,,,,
Cd_truth_2.6,May2024,400.0,swmpc,1.0,1.0,5.5928763473011225,17.043844380415976,-9.849240977317095,88.78458621905719,6.393504721878151,805.4625039431359,0.0,1566.5432343207704,1567.2228524012153,5.7414426400015754,0.21708486161569385,6.921452507445721,6.921452507445721,0.0,6.646048212948933,0.0,0.0,0.0,0.0,0.0,0.0,0.0,1.0,1008.0,0.0,9.398111918320259e-12,1.560352413784261e-13,4.0739342158988075e-10,1.1557746667373674,2.9130572201286955,5.951243666610632,0.4801395000413322,1.2757787798561058,3.918733666675204,,
eclipse_1500W,May2024,400.0,pid_ff,1.0,0.6277777777777778,2.79697845649421,10.111091124514738,-9.782330405898392,90.14471374414241,10.0,1086.4502440325775,0.0,1591.2772936576712,1591.2317826701885,0.9290498467162251,0.0,0.0,0.0,0.0,0.0,0.013888888888888888,0.0,0.0,0.0,0.0,0.0,0.0,1.0,0.0,0.0,,,,0.1855051666552754,1.2684251632572305,7.3268516665242105,,,,1150.0259409500593,1453.408962588421
eclipse_1500W,May2024,400.0,pid_lowdrag,1.0,0.6277777777777778,3.99578581294298,21.51340790123989,-21.51340790123989,76.69205930041825,6.954362063842113,48.29496369335502,8.666666666666666,1353.6354572042483,1353.7659300092148,1.1794703733175993,0.17203342253086437,0.0,0.0,0.0,0.0,0.041666666666666664,0.0,0.0,0.0,0.0,435.6666666666667,36.333333333333336,0.0,0.0,0.0,,,,0.36948433330508124,1.6031862267285104,6.016483999853032,,,,,
eclipse_1500W,May2024,400.0,pid_lowdrag_preview,1.0,0.6277777777777778,2.470093153568516,8.89294205326587,-8.503298566055795,72.98671792975398,7.135643189575897,1101.5198142786753,0.0,1288.3307105994643,1288.3593552944765,0.9761293629805247,0.24909691577690243,0.0,0.0,0.0,0.0,0.002700617283950617,0.0,0.0,0.0,0.0,0.0,0.0,1.0,0.0,0.0,,,,0.20780583342154083,1.4261099800539025,7.998844999898817,,,,1157.77754531992,1455.0382044675052
eclipse_1500W,May2024,400.0,swmpc,1.0,0.6277777777777778,5.1603015365574665,19.135696783661842,-8.231669597017268,65.22399237910236,3.131116840832547,649.3541153818128,0.0,1151.089376036087,1151.3319567561423,2.375139132142067,0.34610823379772676,35.98814190320414,2.788854067685051,1.1706918323377463e-14,35.98814190320414,0.0,0.0,0.0,0.0,0.0,0.0,0.0,1.0,1008.0,0.0,7.654913739922145e-12,4.843320080317515e-08,2.436548460693388e-10,1.1318308333253906,3.827540109905382,19.43573000001682,0.42711583334191044,1.806887656775868,4.205590000007457,1160.61931415476,1070.5495922929974
eclipse_1500W_terminal,May2024,400.0,swmpc,1.0,0.6277777777777778,5.210030083525517,19.135696783661842,-8.231669597017268,65.6839674506185,3.131116840832547,649.3541153818128,0.0,1159.136721087364,1159.4514229192937,3.1024151078114905,0.3394020397321256,36.681597031251606,2.788854067685051,1.1706918323377463e-14,36.681597031251606,0.0,0.0,0.0,0.0,0.0,0.0,0.0,1.0,1008.0,0.0,1.3036090725411972e-11,4.843320080317515e-08,4.113036907090442e-10,1.7741241667105594,13.908048430116636,68.72996266671787,0.659313666574235,6.418224259920549,31.857310999991267,1160.61931415476,1450.218027133936
eclipse_900W,May2024,400.0,pid_ff,1.0,0.6277777777777778,1092.384597406078,2277.5172433502353,-2277.5172433502353,73.05238961597244,10.0,0.0,664.3333333333334,1611.0558141958875,1289.51858992952,-2207.3516190266237,0.0,0.0,0.0,0.0,0.0,0.80054012345679,0.0,0.0,0.0,8948.182585965977,864.0,458.0,0.0,0.0,0.0,,,,0.341796499924385,1.3237774499915116,26.003459999931994,,,,,
eclipse_900W,May2024,400.0,pid_lowdrag,1.0,0.6277777777777778,1092.3814141414164,2277.5150214669607,-2277.5150214669607,73.07247619550976,10.0,0.0,661.3333333333334,1611.054071902896,1289.873157628916,-2207.3494584020227,0.0,0.0,0.0,0.0,0.0,0.7997685185185186,0.0,0.0,0.0,8949.921146630615,864.0,458.0,0.0,0.0,0.0,,,,0.367830499953925,1.2419714600810003,3.473985999941457,,,,,
eclipse_900W,May2024,400.0,pid_lowdrag_preview,1.0,0.6277777777777778,1092.384597406078,2277.5172433502353,-2277.5172433502353,73.05238961597244,10.0,0.0,664.3333333333334,1611.0558141958875,1289.51858992952,-2207.3516190266237,0.0,0.0,0.0,0.0,0.0,0.80054012345679,0.0,0.0,0.0,8948.182585965977,864.0,458.0,0.0,0.0,0.0,,,,0.3847288333721129,1.599395096618532,6.3678086668611895,,,,,
eclipse_900W,May2024,400.0,swmpc,1.0,0.6277777777777778,768.5580648472543,1649.3060808073108,-1649.3060808073108,27.085973779966015,2.0000000000000004,0.0,537.3333333333334,718.618726435453,478.1207965847459,-1649.3060808073108,0.5769647965519109,2727.411565117723,1894.6128564343473,2727.411565117723,71.20825971152756,0.0,0.0,0.0,0.0,26927.664793584816,864.0,680.0,0.0,1008.0,0.3333333333333333,1.71136586383606e-10,1.8270571875037393e-05,1.0981713923458844e-05,2.0594843334341326,5.059943203297429,58.31954566671508,1.0188106665888579,2.4493790832502707,54.74331133336818,,
eclipse_payload,May2024,400.0,pid_ff,1.0,0.6277777777777778,2.79697845649421,10.111091124514738,-9.782330405898392,90.14471374414241,10.0,983.970036750245,0.0,1591.2772936576712,1591.2317826701885,0.9290498467162251,0.0,0.0,0.0,0.0,0.0,0.013888888888888888,0.0,0.0,0.0,0.0,0.0,0.0,1.0,0.0,0.0,,,,0.2054398333560433,2.1869847599267147,5.637693333331602,,,,1150.0259409500593,1453.408962588421
eclipse_payload,May2024,400.0,pid_lowdrag,1.0,0.6277777777777778,6.281192033621383,45.545731576159596,-45.545731576159596,77.58532278393024,6.954362063842113,0.0,30.666666666666668,1369.4033561617368,1369.5337902222625,1.1794553631916642,0.1619696051251935,0.0,0.0,0.0,0.0,0.06828703703703703,0.0,0.0,0.0,250.03483967938257,442.3333333333333,47.333333333333336,0.0,0.0,0.0,,,,0.3751995000129682,1.164084163465301,2.5460820002081164,,,,,
eclipse_payload,May2024,400.0,pid_lowdrag_preview,1.0,0.6277777777777778,2.4990469841649663,8.891437625822922,-8.503327903648218,74.57859005909229,7.135643189575897,952.8554258893109,0.0,1316.4303925136055,1316.4590343653906,0.976098093825082,0.2277365043491584,0.0,0.0,0.0,0.0,0.002700617283950617,0.0,0.0,0.0,0.0,0.0,0.0,1.0,0.0,0.0,,,,0.21925583322020734,1.980168449987709,5.679943333385988,,,,1157.77754531992,1455.038194301362
eclipse_payload,May2024,400.0,swmpc,1.0,0.6277777777777778,5.36557360436698,19.513964305010933,-8.252001107980808,66.76710901355949,3.1971485354866496,579.9152144494572,0.0,1178.3284124449062,1178.5710052940824,2.3751632052784166,0.32691853565896084,47.18796302293409,3.9294219008450004,1.1287996023986276e-14,47.18796302293409,0.0,0.0,0.0,0.0,0.0,0.0,0.0,1.0,1008.0,0.0,8.791782117138306e-12,7.322504087007809e-08,3.351353141228325e-10,1.1239663335042376,4.004369033214053,52.266312666688464,0.42893733317820687,1.9391552499534204,50.06976933327678,1160.61931415476,1070.5489155192608
eclipse_payload_terminal,May2024,400.0,swmpc,1.0,0.6277777777777778,5.4134156020920265,19.513964305010933,-8.252001107980808,67.22708437277147,3.1971485354866496,579.9152144494572,0.0,1186.375761164628,1186.6904765356358,3.1024536403516927,0.320212340524131,47.18796302293409,3.9294219008450004,1.1287996023986276e-14,47.18796302293409,0.0,0.0,0.0,0.0,0.0,0.0,0.0,1.0,1008.0,0.0,1.659827830735594e-11,7.322504087007809e-08,3.959297667904003e-10,1.7721130000912428,13.908305910041818,65.82561166639304,0.6631021665270964,6.0317016534023935,31.971209000100014,1160.61931415476,1450.2180827063805
forced_solver_gap,May2024,400.0,swmpc,1.0,1.0,4.754081931526319,15.046127874714633,-8.90965562251707,73.1520524154073,6.153270344465741,834.5809680969568,0.0,1290.8645391681573,1291.2778346752016,3.87045352657636,0.2419659684821758,4.862319225279767,1.566040221581477,0.0,4.862319225279767,0.0,0.0,6.0,0.0,0.0,0.0,0.0,1.0,1008.0,6.0,5.6843418860808015e-12,1.3812838064253423e-13,2.545186851417811e-10,1.1641429999447912,3.916929386499149,8.344497333382606,0.45064000005368143,1.7953425032328567,4.253785666605836,,
index_outage,May2024,400.0,pid_ff,1.0,1.0,2.795256959061008,10.111091122652093,-9.782330406208834,90.14471338355234,10.0,1500.0,0.0,1591.27728731163,1591.2317763050676,0.9290498467162251,0.0,0.0,0.0,0.0,0.0,0.013888888888888888,0.0,0.0,0.0,0.0,0.0,0.0,1.0,0.0,0.0,,,,0.19693050012392632,1.4809990465816225,4.893760999948427,,,,,
index_outage,May2024,400.0,pid_lowdrag,1.0,1.0,2.5049912021231706,9.122403636885187,-8.81042038773497,74.1685637402175,7.531212290959329,1363.5133087030354,0.0,1309.2157328177016,1309.2212620854082,0.9342314939325055,0.23413226401312112,0.0,0.0,0.0,0.0,0.003472222222222222,0.0,0.0,0.0,0.0,0.0,0.0,1.0,0.0,0.0,,,,0.19877350003601654,1.0018839066227228,4.945425666695276,,,,,
index_outage,May2024,400.0,swmpc,1.0,1.0,4.752394003350587,15.040227815508842,-8.909106840069095,73.14379402038672,6.153270346427791,834.5809697572873,0.0,1290.7187624593596,1291.1320577340523,3.87045338191092,0.2419769991855526,4.8623294967757,1.5659874795391093,0.0,4.8623294967757,0.0,0.0,0.0,0.0,0.0,0.0,0.0,1.0,1008.0,0.0,6.139089236967266e-12,1.4170354218216674e-13,1.730887193128453e-10,1.0948194999400584,2.7698087633037445,6.109922666685937,0.4313658332648629,1.2435200898698855,4.719743000047553,,
low_initial_energy,May2024,400.0,pid_ff,1.0,1.0,2.79697845649421,10.111091124514738,-9.782330405898392,90.14471374414241,10.0,1500.0,0.0,1591.2772936576712,1591.2317826701885,0.9290498467162251,0.0,0.0,0.0,0.0,0.0,0.013888888888888888,0.0,0.0,0.0,0.0,0.0,0.0,1.0,0.0,0.0,,,,0.347613666538867,0.9179987598266344,1.6206443333430798,,,,,
low_initial_energy,May2024,400.0,pid_lowdrag,1.0,1.0,2.506923791101294,9.12239881977439,-8.810419858743748,74.16846434748392,7.531212290959327,613.7111998802533,0.0,1309.2139783273506,1309.2195076078567,0.9342314957951506,0.23413239677212627,0.0,0.0,0.0,0.0,0.003472222222222222,0.0,0.0,0.0,0.0,0.0,0.0,1.0,0.0,0.0,,,,0.36826049987818504,1.1508084234340743,28.927098666827078,,,,,
low_initial_energy,May2024,400.0,swmpc,1.0,1.0,4.757981073784451,15.042972506023943,-8.909091683104634,73.23986569337723,6.19319050822597,834.5808549498464,0.0,1292.4126428817428,1292.827912023521,3.8704641610383987,0.2399337191185628,4.862324939103503,1.5659129900426396,0.0,4.862324939103503,0.0,0.0,0.0,0.0,0.0,0.0,0.0,1.0,1008.0,0.0,7.806496190217635e-12,1.2911915406090385e-13,2.0838774920014607e-10,1.799238999865338,4.030256339882109,37.55112700006672,0.7638334999076809,2.0751290899685633,4.631547666879972,,
measurement_gap,May2024,400.0,pid_ff,1.0,1.0,2.7991252850499264,10.111091124204298,-9.78233040496707,90.14468853737242,10.0,1500.0,0.0,1591.276847955867,1591.2313377210514,0.9290498467162251,0.0,0.0,0.0,0.0,0.0,0.013888888888888888,0.0,0.0,24.0,0.0,0.0,0.0,1.0,0.0,0.0,,,,0.17732466676534386,0.9199334200578312,5.143838000094547,,,,,
measurement_gap,May2024,400.0,pid_lowdrag,1.0,1.0,2.512779243660025,9.122432037256658,-8.81042452932646,74.16883669473877,7.531212290959329,1360.0110410673476,0.0,1309.2205515777337,1309.2260802704316,0.934231492690742,0.2341318994394083,0.0,0.0,0.0,0.0,0.003472222222222222,0.0,0.0,24.0,0.0,0.0,0.0,1.0,0.0,0.0,,,,0.18967633332067635,0.6344506830919258,1.6148040000795543,,,,,
measurement_gap,May2024,400.0,swmpc,1.0,1.0,4.863542896350134,15.057744342833757,-8.911615198788544,73.15370991065872,5.8775933104568345,831.1385729231107,0.0,1290.8937918877207,1291.30709273166,3.8704535802826285,0.24196375456379515,19.865274552875945,19.865274552875945,0.0,4.8622878446755085,0.0,0.0,0.0,24.0,0.0,0.0,0.0,1.0,1008.0,0.0,1.090170616017212e-11,1.2500303999634888e-13,1.6846696576267793e-10,1.1260463331079034,4.0697994499957195,10.401510000065173,0.44419966676893335,2.096219166796794,9.083616333403674,,
scheduled_area,May2024,400.0,pid_ff,1.0,1.0,2.79697845649421,10.111091124514738,-9.782330405898392,90.14471374414241,10.0,1500.0,0.0,1591.2772936576712,1591.2317826701885,0.9290498467162251,0.0,0.0,0.0,0.0,0.0,0.013888888888888888,0.0,0.0,0.0,0.0,0.0,0.0,1.0,0.0,0.0,,,,0.18696983344549759,2.698002090082797,10.789457666760427,,,,,
scheduled_area,May2024,400.0,pid_lowdrag,1.0,1.0,2.5043782397740615,9.076270944128433,-8.805491290676096,74.18133691107299,7.531212290959329,1363.7111998802548,0.0,1309.4412043546088,1309.4467337141534,0.9342312064642707,0.2331455498393417,0.0,0.0,0.0,0.0,0.0030864197530864196,0.0,0.0,0.0,0.0,0.0,0.0,1.0,0.0,0.0,,,,0.21559633334315245,3.3171268834439567,9.069179333437205,,,,,
scheduled_area,May2024,400.0,swmpc,1.0,1.0,4.8618060190772345,15.836496544691423,-9.219505505946776,73.42858931240785,2.7590306682722563,393.66626399625153,0.0,1295.7459545579638,1296.1592556849503,3.870458697589735,0.2415965992893675,4.877366871694714,4.786531177730128,0.0,4.858006285756519,0.0,0.0,0.0,0.0,0.0,0.0,0.0,1.0,1008.0,0.3333333333333333,7.275957614183426e-12,1.531670182631305e-07,2.64296285309278e-10,1.198377999950632,5.917089189927824,13.284250333375288,0.47027749997141655,2.70535318331591,10.880443999970643,,
strict_nominal,Feb2022,400.0,pid_ff,1.0,1.0,1.4183279826149022,5.540589629362027,-4.955038339830935,23.943978735283476,10.0,1500.0,0.0,422.6681011558701,422.65839431586033,0.07756288908421993,0.0,0.0,0.0,0.0,0.0,0.0,0.0,0.0,0.0,0.0,0.0,0.0,1.0,0.0,0.0,,,,0.33589466678070795,0.9955949198107783,3.348785000071075,,,,,
strict_nominal,Feb2022,400.0,pid_lowdrag,1.0,1.0,1.2618354705622925,4.873681847937405,-4.266716909905274,18.10087828668937,7.388147687312632,1356.349889651863,0.0,319.50797333524685,319.5161604902901,0.2559099107359846,0.30909069403030914,0.0,0.0,0.0,0.0,0.0,0.0,0.0,0.0,0.0,0.0,0.0,1.0,0.0,0.0,,,,0.3434974998981488,1.0079642933017865,4.3442663331916265,,,,,
strict_nominal,Feb2022,400.0,swmpc,1.0,1.0,1.1329980449196713,4.0904427748173475,-3.4444551076740026,18.032442021586466,6.915139559349211,1487.253961619994,0.0,318.4614618459881,318.30812559178224,0.23356423123429218,0.3092480704462545,0.0,0.0,0.0,0.0,0.0,0.0,0.0,0.0,0.0,0.0,0.0,1.0,1008.0,0.0,2.7284841053187847e-12,1.0404608656126391e-13,3.419066607018328e-13,1.6098121666345833,4.401917580003095,9.755756666587937,0.5803996665084318,1.7929763031861494,7.437837666657288,,
strict_nominal,Feb2022,550.0,pid_ff,1.0,1.0,0.5927004167372256,1.7909836281711857,-1.4725630208849907,1.9299644861949137,10.0,1500.0,0.0,33.96155976326886,34.067675211378024,0.5587930673112472,0.0,0.0,0.0,0.0,0.0,0.0,0.0,0.0,0.0,0.0,0.0,0.0,1.0,0.0,0.0,,,,0.35414133337023185,1.14796082993507,3.552791666606936,,,,,
strict_nominal,Feb2022,550.0,pid_lowdrag,1.0,1.0,0.5443750666140766,1.637485266663134,-1.2210764170934756,1.42019539734241,7.331793482057002,1350.8510223041794,0.0,24.972606346377145,25.069246548026502,0.5368458948408564,0.33142893671719753,0.0,0.0,0.0,0.0,0.0,0.0,0.0,0.0,0.0,0.0,0.0,1.0,0.0,0.0,,,,0.3713739999966492,1.1323705166038651,4.227997666627441,,,,,
strict_nominal,Feb2022,550.0,swmpc,1.0,1.0,0.5260055771218071,1.5053752465173602,-1.1440122888113062,1.4210735794337908,7.333333333333332,1500.0,0.0,24.978873756559597,25.084748191957853,0.47586495615541935,0.3308390481027043,0.0,0.0,0.0,0.0,0.0,0.0,0.0,0.0,0.0,0.0,0.0,1.0,1008.0,0.0,1.3642420526593924e-12,2.8540577308907197e-14,4.275073160351598e-14,1.755689666803543,6.567738640160304,23.488578666880738,0.7154245000341083,2.8925365466723854,22.217971999907604,,
strict_nominal,Mar2015,400.0,pid_ff,1.0,1.0,1.7759786212179556,6.773232780086498,-5.656683571326236,34.428344281953166,10.0,1500.0,0.0,607.6881553002034,607.7281004147061,0.36294779895494383,0.0,0.0,0.0,0.0,0.0,0.0,0.0,0.0,0.0,0.0,0.0,0.0,1.0,0.0,0.0,,,,0.35924733318400587,2.5581187165759416,12.91807366684831,,,,,
strict_nominal,Mar2015,400.0,pid_lowdrag,1.0,1.0,1.5851030422869374,6.243392573359112,-5.0232477420940995,26.339718835791313,7.4055744319136165,1358.9192001323563,0.0,464.9308087683011,464.9479266978213,0.5213946544875702,0.2980988208675076,0.0,0.0,0.0,0.0,0.0,0.0,0.0,0.0,0.0,0.0,0.0,1.0,0.0,0.0,,,,0.3747039999476935,1.3582157532922137,13.6884779999491,,,,,
strict_nominal,Mar2015,400.0,swmpc,1.0,1.0,1.3441550052766413,5.025668355946739,-3.8100562716523805,26.281755915529377,6.833890515810272,1479.1479196781663,0.0,464.0776472091661,463.92476696824696,0.48531513443837565,0.29823162986705654,0.0,0.0,0.0,0.0,0.0,0.0,0.0,0.0,0.0,0.0,0.0,1.0,1008.0,0.0,3.637978807091713e-12,1.140140389506901e-13,7.217460153925328e-12,1.6591153333441373,7.915390099871399,23.564368666635954,0.560548499985695,2.8603776333602533,9.602187999765496,,
strict_nominal,Mar2015,550.0,pid_ff,1.0,1.0,0.6924143182644663,2.1238032414888344,-1.9924474311992526,2.976788753761076,10.0,1500.0,0.0,52.48483609556674,52.54618577772758,0.6141499911124507,0.0,0.0,0.0,0.0,0.0,0.0,0.0,0.0,0.0,0.0,0.0,0.0,1.0,0.0,0.0,,,,0.35913066661426757,1.329558393381374,5.357841666561096,,,,,
strict_nominal,Mar2015,550.0,pid_lowdrag,1.0,1.0,0.6277001606190451,2.007397799131771,-1.7109230232114594,2.192213852296258,7.332757140598775,1351.1969418549686,0.0,38.63941617790271,38.69689315431788,0.5753482735405365,0.3304004028753494,0.0,0.0,0.0,0.0,0.0,0.0,0.0,0.0,0.0,0.0,0.0,1.0,0.0,0.0,,,,0.38831733346948266,3.097457329951487,10.134039999987484,,,,,
strict_nominal,Mar2015,550.0,swmpc,1.0,1.0,0.5875291970588282,2.0476856362074614,-1.5468129366636276,2.191654258435202,7.333333333333332,1500.0,0.0,38.64240312471679,38.687015220270496,0.37799704478432733,0.33015932628329553,0.0,0.0,0.0,0.0,0.0,0.0,0.0,0.0,0.0,0.0,0.0,1.0,1008.0,0.0,1.0610771520684163e-12,4.9678187489613855e-14,7.46246386847269e-14,1.790472333368598,7.642155179936085,61.5024533332568,0.713726000033906,3.5159438367872995,17.237248333306827,,
strict_nominal,May2024,400.0,pid_ff,1.0,1.0,2.79697845649421,10.111091124514738,-9.782330405898392,90.14471374414241,10.0,1500.0,0.0,1591.2772936576712,1591.2317826701885,0.9290498467162251,0.0,0.0,0.0,0.0,0.0,0.013888888888888888,0.0,0.0,0.0,0.0,0.0,0.0,1.0,0.0,0.0,,,,0.3503068333733002,0.9623244398987172,2.4112400001286005,,,,,
strict_nominal,May2024,400.0,pid_lowdrag,1.0,1.0,2.506923791101294,9.12239881977439,-8.810419858743748,74.16846434748395,7.531212290959329,1363.7111998802548,0.0,1309.2139783273503,1309.219507607857,0.9342314957951506,0.23413239677212627,0.0,0.0,0.0,0.0,0.003472222222222222,0.0,0.0,0.0,0.0,0.0,0.0,1.0,0.0,0.0,,,,0.37430316668481584,1.7366440301141959,47.94822999989871,,,,,
strict_nominal,May2024,400.0,swmpc,1.0,1.0,4.756074239334058,15.042771195371946,-8.909045027258495,73.14189823515305,6.1532703469589665,834.5809701302696,0.0,1290.6852982654839,1291.0985933899738,3.870453347141544,0.24197953137841555,4.862329614495116,1.56588917672354,0.0,4.862329614495116,0.0,0.0,0.0,0.0,0.0,0.0,0.0,1.0,1008.0,0.0,6.821210263296962e-12,1.3581958666918115e-13,1.8612663237316227e-10,1.8245853333003954,4.886987649994501,11.001719999967463,0.7624968334312143,2.404298623355312,8.635003999946397,,
strict_nominal,May2024,550.0,pid_ff,1.0,1.0,1.0613170542447856,3.4771191710606217,-3.0119554499785104,12.17293499348015,10.0,1500.0,0.0,214.86816244380051,214.87628331686105,0.14639761671423912,0.0,0.0,0.0,0.0,0.0,0.0,0.0,0.0,0.0,0.0,0.0,0.0,1.0,0.0,0.0,,,,0.3483081666975825,1.1568051131810817,4.403212999932293,,,,,
strict_nominal,May2024,550.0,pid_lowdrag,1.0,1.0,0.9475884365283697,3.107954302802682,-2.6266890137145915,9.07205989985796,7.344257268697878,1352.3392104193745,0.0,160.12767921368712,160.13972919049624,0.11130173411220312,0.3212012055190267,0.0,0.0,0.0,0.0,0.0,0.0,0.0,0.0,0.0,0.0,0.0,1.0,0.0,0.0,,,,0.371020333280588,1.388211066731243,4.088451000067532,,,,,
strict_nominal,May2024,550.0,swmpc,1.0,1.0,0.9307530803806859,2.945306982845068,-2.2090472942218184,9.066934836572644,7.337699049301829,1499.3854381249805,0.0,160.0849530990348,160.049261727135,-0.5532795234272877,0.3212220680468361,0.0,0.0,0.0,0.0,0.0,0.0,0.0,0.0,0.0,0.0,0.0,1.0,1008.0,0.0,1.5528144504088856e-12,1.466690472777069e-13,1.3109977381349888e-12,1.6893484999703408,3.3555544799931574,30.671386333324335,0.6715826666550129,1.4949986999348142,3.248028666803293,,
