kind,event,h_km,P_gen,Cd,ctrl,seed,rms,maxabs,min_x,fuel_g,minA,minE,n_floor_viol,drag_imp,thr_imp,x_end,mean_gen_loss,max_slack,max_slack_x_m,max_slack_E_Wh,max_slack_T_mN,u_sat_frac,unserved_bus_Wh,n_energy_floor_viol,n_physical_battery_floor,powered_regime_valid,qp_attempts_all,qp_failures_all,max_qp_violation,max_kkt_scaled,max_complementarity,loop_med_ms,loop_p99_ms,loop_max_ms,solve_med_ms,solve_p99_ms,solve_max_ms
Cd,May2024,400.0,900.0,1.8,pid_ff,1.0,2.4980920567579434,8.967525758780539,-8.694270889895657,73.75773135890485,10.0,1500.0,0.0,1301.9521465225944,1301.9692612154486,1.024774810609718,0.0,0.0,0.0,0.0,0.0,0.0011574074074074073,0.0,0.0,0.0,1.0,0.0,0.0,,,,0.1648963333498917,0.7786290533696639,3.779785999995511,,,
Cd,May2024,400.0,900.0,1.8,pid_lowdrag,1.0,2.204320464814972,8.070736380914846,-7.6928065698593855,59.360522140674824,7.487093822224772,1362.1828125183383,0.0,1047.7845171671188,1047.8301560115226,0.956163229731222,0.25393796319088174,0.0,0.0,0.0,0.0,0.0,0.0,0.0,0.0,1.0,0.0,0.0,,,,0.17640733331821443,1.032119513337567,3.3136620000201824,,,
Cd,May2024,400.0,900.0,1.8,swmpc,1.0,2.614312503095691,8.375676863826811,-7.448683364316821,58.780733076598636,6.322035673228325,930.5464982477857,0.0,1037.4510513724017,1037.5957368461275,1.908951476526757,0.25734410363946647,1.5353551812817823,0.0,0.0,1.5353551812817823,0.0,0.0,0.0,0.0,1.0,1008.0,0.0,1.7431981783981125e-12,1.314095037762004e-13,4.187089193713046e-11,0.9815088333577174,2.0247624166533256,3.4103030000096624,0.3312868333485615,0.8656548233276822,1.949354333305564
Cd,May2024,400.0,900.0,2.6,pid_ff,1.0,3.1621811702287435,11.133316105231643,-11.089033434477946,106.53150560229294,10.0,1500.0,0.0,1880.6122247898993,1880.4909409465374,0.6021248729278644,0.0,0.0,0.0,0.0,0.0,0.08063271604938271,0.0,0.0,0.0,1.0,0.0,0.0,,,,0.16086900001255344,0.5880851366638726,1.6493243333570717,,,
Cd,May2024,400.0,900.0,2.6,pid_lowdrag,1.0,2.797496939524296,10.441977093927562,-9.730459406040609,89.66922818414922,7.580071839153127,1365.327220372361,0.0,1582.8913152738576,1582.8385258297624,0.8103533073638877,0.21339970586471632,0.0,0.0,0.0,0.0,0.03395061728395062,0.0,0.0,0.0,1.0,0.0,0.0,,,,0.17128966667693626,0.5785664766851056,1.4073313333634967,,,
Cd,May2024,400.0,900.0,2.6,swmpc,1.0,5.073087447178909,15.964958111134669,-10.619027750566602,88.32434103791729,6.209207533729768,829.0800876375328,0.0,1558.6898916112748,1559.0986182710847,4.013800882734358,0.22306431022289,5.683635020205575,1.6704482126969988,0.0,5.683635020205575,0.0,0.0,0.0,0.0,1.0,1008.0,0.0,8.564408441695074e-12,1.4904456293453215e-13,3.1046436316563097e-10,1.067357166656772,2.245085110003703,6.245256666640368,0.4254256666816521,1.0654340699852578,4.426711999978276
paired,Feb2022,400.0,900.0,2.2,pid_ff,1.0,1.4183279826149022,5.540589629362027,-4.955038339830935,23.943978735283476,10.0,1500.0,0.0,422.6681011558701,422.65839431586033,0.07756288908421993,0.0,0.0,0.0,0.0,0.0,0.0,0.0,0.0,0.0,1.0,0.0,0.0,,,,0.2981680000099611,1.224650186694962,3.938346000002942,,,
paired,Feb2022,400.0,900.0,2.2,pid_lowdrag,1.0,1.2618354705622925,4.873681847937405,-4.266716909905274,18.10087828668937,7.388147687312632,1356.349889651863,0.0,319.50797333524685,319.5161604902901,0.2559099107359846,0.30909069403030914,0.0,0.0,0.0,0.0,0.0,0.0,0.0,0.0,1.0,0.0,0.0,,,,0.30533800001345907,1.1825507433047697,6.482016000025699,,,
paired,Feb2022,400.0,900.0,2.2,swmpc,1.0,1.1330470912494601,4.091182238732775,-3.444591717173656,18.033359271432193,6.919426760633602,1487.4170788660895,0.0,318.4747246888713,318.3243168585429,0.2432285165414214,0.3092456237200136,0.0,0.0,0.0,0.0,0.0,0.0,0.0,0.0,1.0,1008.0,0.0,3.3348139065007367e-12,9.590117588942346e-14,1.7805974661592468e-13,1.6021209999621533,5.007146556706618,50.89507433331164,0.589614666637317,2.4009433933285105,8.18108933340985
paired,Feb2022,550.0,900.0,2.2,pid_ff,1.0,0.5927004167372256,1.7909836281711857,-1.4725630208849907,1.9299644861949137,10.0,1500.0,0.0,33.96155976326886,34.067675211378024,0.5587930673112472,0.0,0.0,0.0,0.0,0.0,0.0,0.0,0.0,0.0,1.0,0.0,0.0,,,,0.32091833334864833,1.2020922299836896,3.186210333372704,,,
paired,Feb2022,550.0,900.0,2.2,pid_lowdrag,1.0,0.5443750666140766,1.637485266663134,-1.2210764170934756,1.42019539734241,7.331793482057002,1350.8510223041794,0.0,24.972606346377145,25.069246548026502,0.5368458948408564,0.33142893671719753,0.0,0.0,0.0,0.0,0.0,0.0,0.0,0.0,1.0,0.0,0.0,,,,0.3445716666495476,1.315690426625905,7.359106333372741,,,
paired,Feb2022,550.0,900.0,2.2,swmpc,1.0,0.5260089385415653,1.5053849965333939,-1.1440356879805524,1.421186043661617,7.333393036266886,1500.0,0.0,24.979887523397355,25.08673340713352,0.4775351673985521,0.33077567792459,0.0,0.0,0.0,0.0,0.0,0.0,0.0,0.0,1.0,1008.0,0.0,1.8189894035458565e-12,3.3732535283566746e-14,2.572855881545269e-14,1.679955499961731,7.5522233533475225,68.35816033333231,0.6915964999620883,2.9424129966893418,48.370764000007206
paired,Mar2015,400.0,900.0,2.2,pid_ff,1.0,1.7759786212179556,6.773232780086498,-5.656683571326236,34.428344281953166,10.0,1500.0,0.0,607.6881553002034,607.7281004147061,0.36294779895494383,0.0,0.0,0.0,0.0,0.0,0.0,0.0,0.0,0.0,1.0,0.0,0.0,,,,0.31525516667822256,1.7029881700064646,14.766934999973577,,,
paired,Mar2015,400.0,900.0,2.2,pid_lowdrag,1.0,1.5851030422869374,6.243392573359112,-5.0232477420940995,26.339718835791313,7.4055744319136165,1358.9192001323563,0.0,464.9308087683011,464.9479266978213,0.5213946544875702,0.2980988208675076,0.0,0.0,0.0,0.0,0.0,0.0,0.0,0.0,1.0,0.0,0.0,,,,0.341541666671219,3.2091835000240523,10.283086666693938,,,
paired,Mar2015,400.0,900.0,2.2,swmpc,1.0,1.3455212797617557,5.076608211112519,-3.798317694415649,26.282439495108765,6.854162053691631,1483.400805855096,0.0,464.0869455237844,463.9368334944723,0.48650219074139994,0.2982306439057634,0.0,0.0,0.0,0.0,0.0,0.0,0.0,0.0,1.0,1008.0,0.0,2.7284841053187847e-12,1.1562369580294288e-13,2.269948831893482e-12,1.331053666660864,3.0770129899932854,8.51398466666827,0.4676239999904889,1.1692269600405305,5.441326000019823
paired,Mar2015,550.0,900.0,2.2,pid_ff,1.0,0.6924143182644663,2.1238032414888344,-1.9924474311992526,2.976788753761076,10.0,1500.0,0.0,52.48483609556674,52.54618577772758,0.6141499911124507,0.0,0.0,0.0,0.0,0.0,0.0,0.0,0.0,0.0,1.0,0.0,0.0,,,,0.31652666666559526,0.9886346066461232,3.172811333380802,,,
paired,Mar2015,550.0,900.0,2.2,pid_lowdrag,1.0,0.6277001606190451,2.007397799131771,-1.7109230232114594,2.192213852296258,7.332757140598775,1351.1969418549686,0.0,38.63941617790271,38.69689315431788,0.5753482735405365,0.3304004028753494,0.0,0.0,0.0,0.0,0.0,0.0,0.0,0.0,1.0,0.0,0.0,,,,0.33843700000109794,1.0481959600050073,5.571452000026511,,,
paired,Mar2015,550.0,900.0,2.2,swmpc,1.0,0.5875419759051057,2.0476703448221087,-1.5468345377594233,2.1917233954721667,7.333352373156534,1500.0,0.0,38.64345299777282,38.688235625172865,0.37805892154574394,0.33012349579757155,0.0,0.0,0.0,0.0,0.0,0.0,0.0,0.0,1.0,1008.0,0.0,1.3642420526593924e-12,4.838015173665628e-14,2.5517739503200615e-14,1.0231081666915998,3.1989570133066487,8.334925666645177,0.3940573333238717,1.179103426663534,5.987247666629021
paired,May2024,400.0,900.0,2.2,pid_ff,1.0,2.79697845649421,10.111091124514738,-9.782330405898392,90.14471374414241,10.0,1500.0,0.0,1591.2772936576712,1591.2317826701885,0.9290498467162251,0.0,0.0,0.0,0.0,0.0,0.013888888888888888,0.0,0.0,0.0,1.0,0.0,0.0,,,,0.16122833331640626,0.6376770333505025,1.1505146666574244,,,
paired,May2024,400.0,900.0,2.2,pid_lowdrag,1.0,2.506923791101294,9.12239881977439,-8.810419858743748,74.16846434748395,7.531212290959329,1363.7111998802548,0.0,1309.2139783273503,1309.219507607857,0.9342314957951506,0.23413239677212627,0.0,0.0,0.0,0.0,0.003472222222222222,0.0,0.0,0.0,1.0,0.0,0.0,,,,0.17609033335475033,0.6411514899950056,1.7205189999837482,,,
paired,May2024,400.0,900.0,2.2,swmpc,1.0,3.58911463135072,11.873232822865248,-9.104906594070295,73.00300699747888,5.641265200823814,879.5805354789404,0.0,1288.4301648677836,1288.6468894292784,2.371010755188763,0.2449505368274972,3.6537772299581923,0.0,0.0,3.6537772299581923,0.0,0.0,0.0,0.0,1.0,1008.0,0.0,2.9558577807620168e-12,3.920691066620444e-09,5.6969103564925995e-11,1.028327666669308,2.627901366665048,6.214876666679932,0.37082366664738703,1.1401773766776067,5.501972999960951
paired,May2024,550.0,900.0,2.2,pid_ff,1.0,1.0613170542447856,3.4771191710606217,-3.0119554499785104,12.17293499348015,10.0,1500.0,0.0,214.86816244380051,214.87628331686105,0.14639761671423912,0.0,0.0,0.0,0.0,0.0,0.0,0.0,0.0,0.0,1.0,0.0,0.0,,,,0.16171150000824733,0.6010434366623935,2.049091666701012,,,
paired,May2024,550.0,900.0,2.2,pid_lowdrag,1.0,0.9475884365283697,3.107954302802682,-2.6266890137145915,9.07205989985796,7.344257268697878,1352.3392104193745,0.0,160.12767921368712,160.13972919049624,0.11130173411220312,0.3212012055190267,0.0,0.0,0.0,0.0,0.0,0.0,0.0,0.0,1.0,0.0,0.0,,,,0.17292600002368394,0.6927029966656536,3.3261686666795263,,,
paired,May2024,550.0,900.0,2.2,swmpc,1.0,0.9314005530472884,2.943772401039799,-2.2400314323604107,9.066997998855891,7.3376988684428595,1499.403894254814,0.0,160.08605631062758,160.05037666586384,-0.5532719092443585,0.32121523422664716,0.0,0.0,0.0,0.0,0.0,0.0,0.0,0.0,1.0,1008.0,0.0,4.6990559591601295e-12,1.433605456568898e-13,6.48285271721216e-14,1.0093161666683652,2.4653027500202467,8.321820333321739,0.37733600000440976,0.8745199699986489,4.204289000047841
power,May2024,400.0,600.0,2.2,pid_ff,1.0,5651.812944561537,11047.213629279286,-11047.213629279286,4.712212064044647,10.0,99.33349686586617,794.0,1714.6672353074082,83.17982598815428,-11047.213629279286,0.0,0.0,0.0,0.0,0.0,0.9178240740740741,0.0,830.6666666666666,796.6666666666666,0.0,0.0,0.0,,,,0.16038183336301395,0.764466893315325,2.7457776666324207,,,
power,May2024,400.0,600.0,2.2,pid_lowdrag,1.0,5651.812944561537,11047.213629279286,-11047.213629279286,4.712212064044647,10.0,99.33349686586617,794.0,1714.6672353074082,83.17982598815428,-11047.213629279286,0.0,0.0,0.0,0.0,0.0,0.9178240740740741,0.0,830.6666666666666,796.6666666666666,0.0,0.0,0.0,,,,0.17068933336380118,0.5799212699825297,2.4814049999880203,,,
power,May2024,400.0,600.0,2.2,swmpc,1.0,1265.821559645581,2307.226741065271,-2307.226741065271,2.4223965859333294,2.0000000000000004,0.0,826.3333333333334,382.8607920911757,42.76007186299798,-2307.226741065271,0.9283643875671682,2729.6328239250147,2499.953414750482,2729.6328239250147,57.14490848097043,0.0,40005.73985367301,862.6666666666666,829.6666666666666,0.0,1008.0,0.0,1.8159577545399466e-10,1.3103594422487097e-06,1.0871727325309922e-05,1.2405154999631425,3.4698188200021156,11.969628666671875,0.6079773333453886,1.9293262900149866,10.168019666669656
power,May2024,400.0,750.0,2.2,pid_ff,1.0,2.79697845649421,10.111091124514738,-9.782330405898392,90.14471374414241,10.0,1473.604329889503,0.0,1591.2772936576712,1591.2317826701885,0.9290498467162251,0.0,0.0,0.0,0.0,0.0,0.013888888888888888,0.0,0.0,0.0,1.0,0.0,0.0,,,,0.15966100001681602,0.6074817066651866,1.743729000016477,,,
power,May2024,400.0,750.0,2.2,pid_lowdrag,1.0,2.743526830015346,10.093900018682083,-9.758351216092706,86.92637990675594,8.68456437148199,1298.3916580732503,0.0,1534.4607378116395,1534.4218503226548,0.8301417212933302,0.060544449414312806,0.0,0.0,0.0,0.0,0.013888888888888888,0.0,0.0,0.0,1.0,0.0,0.0,,,,0.17478350002875231,0.7335955433245527,2.8057629999693745,,,
power,May2024,400.0,750.0,2.2,swmpc,1.0,5.08169912978773,18.046220019770164,-10.14175143248091,85.9228946072792,7.5106494231882195,639.2498394644462,0.0,1516.3295253438455,1516.7083579208556,3.9315631575882435,0.06839192884531593,5.624114665727962,4.7489374548711645,0.0,5.44933247551155,0.0,0.0,0.0,0.0,1.0,1008.0,0.0,7.73070496506989e-12,1.2471794740300535e-08,4.5725792054195444e-10,1.1115491666752557,2.3752033599672946,3.7251879999757875,0.4572240000205359,1.1074933266528788,2.355681999991551
