kind,event,h_km,ctrl,seed,P_gen,Cd,rms,maxabs,min_x,fuel_g,minA,minE,n_floor_viol,drag_imp,thr_imp,x_end,mean_gen_loss,max_slack,max_slack_x_m,max_slack_E_Wh,max_slack_T_mN,u_sat_frac,unserved_bus_Wh,n_energy_floor_viol,n_physical_battery_floor,powered_regime_valid,qp_attempts_all,qp_failures_all,max_qp_violation,max_kkt_scaled,max_complementarity,loop_med_ms,loop_p99_ms,loop_max_ms,solve_med_ms,solve_p99_ms,solve_max_ms
paired,Feb2022,400.0,pid_ff,0,900.0,2.2,1.3782337136500493,5.661860669963062,-4.272014806047082,23.944947689870492,10.0,1500.0,0,422.6678516994077,422.67549827316043,1.1917026797309518,0.0,0.0,0.0,0.0,0.0,0.0,0.0,0,0,True,0,0,,,,0.29935400004887924,1.0098348700171267,3.8538940000307775,,,
paired,Feb2022,400.0,pid_ff,1,900.0,2.2,1.430921488015896,5.842919337563217,-5.476111332885921,23.958839069385355,10.0,1500.0,0,422.6680792198439,422.92070848761455,-0.20141495764255524,0.0,0.0,0.0,0.0,0.0,0.0,0.0,0,0,True,0,0,,,,0.2957174999664858,1.313465490063653,4.375902999981918,,,
paired,Feb2022,400.0,pid_ff,2,900.0,2.2,1.4458287461787613,5.116988880559802,-5.116988880559802,23.928149446594574,10.0,1500.0,0,422.6683725483586,422.37897618680614,-0.7575990548357368,0.0,0.0,0.0,0.0,0.0,0.0,0.0,0,0,True,0,0,,,,0.29943250001451815,1.350650200004106,3.585240999996131,,,
paired,Feb2022,400.0,pid_lowdrag,0,900.0,2.2,1.2299040173100415,4.922343093901873,-3.856328980997205,18.10074677091999,7.394811685810869,1356.0797609391811,0,319.4813364514042,319.513838977873,1.119226480834186,0.3090961720876436,0.0,0.0,0.0,0.0,0.0,0.0,0,0,True,0,0,,,,0.3037815000084265,1.046224799978286,3.855043000044134,,,
paired,Feb2022,400.0,pid_lowdrag,1,900.0,2.2,1.2742164844559245,5.459000694565475,-4.757999097928405,18.11210033726713,7.390724258006294,1356.1330554539468,0,319.503626993273,319.71425179042717,0.22616752702742815,0.3090793560363212,0.0,0.0,0.0,0.0,0.0,0.0,0,0,True,0,0,,,,0.302113500026735,1.1165984699596263,4.458988000010322,,,
paired,Feb2022,400.0,pid_lowdrag,2,900.0,2.2,1.281385909920911,4.239701755344868,-4.1858226507902145,18.089787751880994,7.3789071181207335,1356.836852562461,0,319.5389565610633,319.32039070257,-0.5776642756536603,0.30909655396696256,0.0,0.0,0.0,0.0,0.0,0.0,0,0,True,0,0,,,,0.31011900000521564,1.3848289599763968,11.132017000022643,,,
paired,Feb2022,400.0,swmpc,0,900.0,2.2,1.1578566482214756,4.577626611106098,-3.34453391097486,18.03838446438815,6.858077322432946,1487.0415815758574,0,318.5235184972165,318.4130214138469,0.46738431323319674,0.30924210558049636,0.0,0.0,0.0,0.0,0.0,0.0,0,0,True,1008,0,2.2737367544323206e-12,9.436806891471858e-14,1.616554456164303e-13,1.6080809999721168,4.263593000067656,13.418401000080848,0.6000934999974561,2.0622566500253443,4.4574020000709424
paired,Feb2022,400.0,swmpc,1,900.0,2.2,1.1245212253471764,3.6619361881166697,-3.6619361881166697,18.038197615350892,7.070605110191483,1489.3972959047283,0,318.5052741902433,318.40972316024585,0.4421183979138732,0.30923036628966327,0.0,0.0,0.0,0.0,0.0,0.0,0,0,True,1008,0,4.092726157978177e-12,9.83720882530292e-14,2.1067809193682315e-13,1.6228924999381888,5.608810830033231,122.53795999993145,0.5938699999887831,3.013370139989315,10.631369000066115
paired,Feb2022,400.0,swmpc,2,900.0,2.2,1.1167634001797282,4.033983916975558,-3.3273050524294376,18.02349573455754,6.829597849276377,1485.8123591176825,0,318.39538137915395,318.15020600153593,-0.1798171615228057,0.30926439928988103,0.0,0.0,0.0,0.0,0.0,0.0,0,0,True,1008,0,3.637978807091713e-12,9.496337050052258e-14,1.6184570229452057e-13,1.5753894999761542,5.149035840018969,16.72886199992263,0.5748804999257118,2.127203389970872,9.454497000092488
paired,Feb2022,550.0,pid_ff,0,900.0,2.2,0.6152850015231848,1.9824476735666394,-1.4254420986399055,1.9332634625248732,10.0,1500.0,0,33.961536537202214,34.125908642585216,0.5306246057152748,0.0,0.0,0.0,0.0,0.0,0.0,0.0,0,0,True,0,0,,,,0.31793750002862,1.2421455499122631,3.1366770000431643,,,
paired,Feb2022,550.0,pid_ff,1,900.0,2.2,0.6338258083960074,1.9941273275762796,-1.7548428745940328,1.9280921072659531,10.0,1500.0,0,33.96154143024487,34.03462403469534,0.632737236097455,0.0,0.0,0.0,0.0,0.0,0.0,0.0,0,0,True,0,0,,,,0.32349449998037016,1.4272282300430543,4.870359000051394,,,
paired,Feb2022,550.0,pid_ff,2,900.0,2.2,0.5289904402924847,1.396375883370638,-1.2374040894210339,1.9285378887939144,10.0,1500.0,0,33.96160132235949,34.0424929568535,0.5130173601210117,0.0,0.0,0.0,0.0,0.0,0.0,0.0,0,0,True,0,0,,,,0.3213230000369549,0.9369029099957515,1.5515950000235534,,,
paired,Feb2022,550.0,pid_lowdrag,0,900.0,2.2,0.5694943143456267,1.8515323707833886,-1.1790818721055984,1.4236109492018396,7.3303342759604195,1350.8693808086646,0,24.974344081623983,25.129537766982427,0.5224564736708999,0.3314299523157004,0.0,0.0,0.0,0.0,0.0,0.0,0,0,True,0,0,,,,0.3461229999857096,1.5475454099305346,10.818594000056692,,,
paired,Feb2022,550.0,pid_lowdrag,1,900.0,2.2,0.5829749425863665,1.777353810146451,-1.4734341958537698,1.4179964023083758,7.332285955099066,1350.771860810076,0,24.969971974785384,25.030429953655695,0.5772126978263259,0.33142650098914916,0.0,0.0,0.0,0.0,0.0,0.0,0,0,True,0,0,,,,0.3439834999312552,1.3448297500076465,4.310762000045543,,,
paired,Feb2022,550.0,pid_lowdrag,2,900.0,2.2,0.48065594291023656,1.2835696190595627,-1.0107131833210588,1.4189788405170147,7.332760215111518,1350.9118252937978,0,24.97350298272206,25.047771923441395,0.5108685130253434,0.33143035684674305,0.0,0.0,0.0,0.0,0.0,0.0,0,0,True,0,0,,,,0.343608500031678,1.054696119939534,6.947963000015989,,,
paired,Feb2022,550.0,swmpc,0,900.0,2.2,0.5471541512853711,1.712814910337329,-1.1454229522496462,1.4237294128994693,7.333409387973704,1500.0,0,24.987364531241905,25.131628884618962,0.3996575875207782,0.33040935674774286,0.0,0.0,0.0,0.0,0.0,0.0,0,0,True,1008,0,1.8189894035458565e-12,2.813216326558176e-14,2.7500600177226657e-14,1.6839884999058086,5.695034000020765,139.51329999997597,0.6883049999260038,2.4438086599866393,121.35578200002328
paired,Feb2022,550.0,swmpc,1,900.0,2.2,0.5787385819590743,1.6438357448205352,-1.400614476762712,1.4190816655829432,7.333390399080399,1500.0,0,24.972671945600485,25.049586988420153,0.5666772928088903,0.33114746854514643,0.0,0.0,0.0,0.0,0.0,0.0,0,0,True,1008,0,1.8189894035458565e-12,4.16501277911152e-14,2.39275068677489e-14,1.6576429999872744,6.005558690017084,37.13879500003259,0.6875154999761435,2.389162410000832,10.187214999973548
paired,Feb2022,550.0,swmpc,2,900.0,2.2,0.4521340823802501,1.1595043344423175,-0.8860696349292994,1.4207470525024386,7.333379321746554,1500.0,0,24.979626093349673,25.078984348361438,0.4662706218659878,0.3307702084808808,0.0,0.0,0.0,0.0,0.0,0.0,0,0,True,1008,0,1.8189894035458565e-12,3.141531479400327e-14,2.5757569401382515e-14,1.6982349999921098,10.956077370004719,28.422385999988364,0.6989689999841175,3.9942679200805533,13.569295000024795
paired,Mar2015,400.0,pid_ff,0,900.0,2.2,1.7231138191015554,7.030888474546373,-5.382246513850987,34.42702023644533,10.0,1500.0,0,607.6879423874094,607.7047284031215,1.9555708095431328,0.0,0.0,0.0,0.0,0.0,0.0,0.0,0,0,True,0,0,,,,0.3201305000288812,2.9184189200304824,35.786024000003636,,,
paired,Mar2015,400.0,pid_ff,1,900.0,2.2,1.7883211539181327,7.333085504360497,-5.632079838775098,34.44977536276606,10.0,1500.0,0,607.6880436099253,608.1064012102881,-0.2374552758410573,0.0,0.0,0.0,0.0,0.0,0.0,0.0,0,0,True,0,0,,,,0.31240200002002894,1.0876862399959453,6.587789999912275,,,
paired,Mar2015,400.0,pid_ff,2,900.0,2.2,1.816500890634179,5.9557243613526225,-5.9557243613526225,34.4082372466481,10.0,1500.0,0,607.6884799032757,607.3731716307087,-0.629272136837244,0.0,0.0,0.0,0.0,0.0,0.0,0.0,0,0,True,0,0,,,,0.3132329999857575,1.1028593499929662,1.9269910000048185,,,
paired,Mar2015,400.0,pid_lowdrag,0,900.0,2.2,1.5350282553796328,6.2708599446341395,-4.64277724083513,26.338820620070926,7.408835971272934,1358.4220874044129,0,464.89397732241605,464.9320714208724,1.8185945693403482,0.29810797351900997,0.0,0.0,0.0,0.0,0.0,0.0,0,0,True,0,0,,,,0.341299500007608,5.655740580093593,15.593219000038516,,,
paired,Mar2015,400.0,pid_lowdrag,1,900.0,2.2,1.5961025252665717,6.862578302621841,-4.8302265126258135,26.356289059424117,7.394078972629018,1358.7167478420852,0,464.9425257537286,465.2404237882771,0.3464419348165393,0.29808058446917274,0.0,0.0,0.0,0.0,0.0,0.0,0,0,True,0,0,,,,0.34824900001240167,2.916243019983539,13.843466000025728,,,
paired,Mar2015,400.0,pid_lowdrag,2,900.0,2.2,1.6241783462146075,5.596739472821355,-5.596739472821355,26.324046827878895,7.413808351838895,1359.6187651505707,0,464.9559232287586,464.6712848843145,-0.6008525406941772,0.2981079046143401,0.0,0.0,0.0,0.0,0.0,0.0,0,0,True,0,0,,,,0.3350764999936473,1.055566899995025,1.4125750000175685,,,
paired,Mar2015,400.0,swmpc,0,900.0,2.2,1.3379855960837732,5.572181168012321,-3.6986454594880342,26.289251574916566,6.827371555595949,1482.9118183459295,0,464.1376388267063,464.0570801228775,0.9575290400534868,0.29822282626914876,0.0,0.0,0.0,0.0,0.0,0.0,0,0,True,1008,0,2.7284841053187847e-12,1.144400130215217e-13,1.877901163776777e-12,1.5255339999953321,2.982798209978909,8.08068200001344,0.5460125000240623,1.252778870078827,1.6840940000975024
paired,Mar2015,400.0,swmpc,1,900.0,2.2,1.302612200264577,4.850131530314684,-3.692410974763334,26.289258356329466,6.815674821710598,1483.787561764407,0,464.0612468247423,464.05719982817396,1.059989070519805,0.2982157162686534,0.0,0.0,0.0,0.0,0.0,0.0,0,0,True,1008,0,1.8189894035458565e-12,1.3203316218124426e-13,3.0256721791100355e-12,1.517169000010199,3.4683075199609434,12.619567999990977,0.5453729999658208,1.3084257400191728,11.732166000001598
paired,Mar2015,400.0,swmpc,2,900.0,2.2,1.3959660429369172,4.807511935010552,-4.003896648995578,26.26880855408027,6.919439783768347,1483.5030374549517,0,464.06195091990446,463.69622053236554,-0.558011538349092,0.2982533891794882,0.0,0.0,0.0,0.0,0.0,0.0,0,0,True,1008,0,3.637978807091713e-12,1.0039791220606273e-13,1.9062731527936328e-12,0.9504579999770613,2.7799332400400028,4.841704000000391,0.3114864999815836,0.9464762700235916,2.9077179999603686
paired,Mar2015,550.0,pid_ff,0,900.0,2.2,0.6759099601215081,2.3251363784074783,-1.996874751523137,2.9802994283847095,10.0,1500.0,0,52.48480005518475,52.608156100863766,0.5962253315374255,0.0,0.0,0.0,0.0,0.0,0.0,0.0,0,0,True,0,0,,,,0.3170675000205847,0.8952749199590921,1.6336700000465498,,,
paired,Mar2015,550.0,pid_ff,1,900.0,2.2,0.7198250726148661,2.1934031592682004,-2.127597355283797,2.9748065978423575,10.0,1500.0,0,52.484810724322585,52.51119682091516,0.5991055583581328,0.0,0.0,0.0,0.0,0.0,0.0,0.0,0,0,True,0,0,,,,0.317818499979694,1.012916779961868,6.481716000052984,,,
paired,Mar2015,550.0,pid_ff,2,900.0,2.2,0.681507922057025,1.852870186790824,-1.852870186790824,2.975260235056161,10.0,1500.0,0,52.48489750719289,52.519204411403834,0.6471190834417939,0.0,0.0,0.0,0.0,0.0,0.0,0.0,0,0,True,0,0,,,,0.31469399999650705,1.0577121200174098,1.4030480000428724,,,
paired,Mar2015,550.0,pid_lowdrag,0,900.0,2.2,0.6102519292814734,2.2180502144619823,-1.738576122559607,2.1954664276251785,7.331491243655836,1351.2964646289738,0,38.640744188999825,38.754307516446794,0.516425103880465,0.33040502041795883,0.0,0.0,0.0,0.0,0.0,0.0,0,0,True,0,0,,,,0.33909950002453115,1.1385999799870183,11.515331000055085,,,
paired,Mar2015,550.0,pid_lowdrag,1,900.0,2.2,0.6688434833665575,2.064261325635016,-1.9030976062640548,2.1893130704639745,7.333763201028582,1351.0352227335543,0,38.6335275751742,38.645688640437925,0.5788835380226374,0.33039608678554155,0.0,0.0,0.0,0.0,0.0,0.0,0,0,True,0,0,,,,0.3382029999556835,1.0489770699609835,2.4491580001040347,,,
paired,Mar2015,550.0,pid_lowdrag,2,900.0,2.2,0.6040050692091045,1.7398818572983146,-1.4910953408107162,2.1918620587996216,7.3330169771119085,1351.2591382023777,0,38.6439767695341,38.69068330606891,0.6307361787185073,0.3304001014225477,0.0,0.0,0.0,0.0,0.0,0.0,0,0,True,0,0,,,,0.33800850002307925,0.9570108300670198,2.749866999920414,,,
paired,Mar2015,550.0,swmpc,0,900.0,2.2,0.5574615417548543,2.107845443300903,-1.5249947430565953,2.1937144179323305,7.333333333333333,1500.0,0,38.648486551228665,38.72338109390881,0.2260666163638234,0.33004991048751664,0.0,0.0,0.0,0.0,0.0,0.0,0,0,True,1008,0,1.3642420526593924e-12,4.597733305189421e-14,2.5735759557741165e-14,1.0404055000208245,5.239833869958364,18.338620000008632,0.3943320000416861,1.7381931800355208,14.767432999974517
paired,Mar2015,550.0,swmpc,1,900.0,2.2,0.6476515212929325,2.1441327994689345,-1.8165725907310843,2.1889171893316606,7.333333333333334,1500.0,0,38.634649325587915,38.638700558566825,0.40774227771908045,0.33025468116680423,0.0,0.0,0.0,0.0,0.0,0.0,0,0,True,1008,0,9.094947017729282e-13,5.407241321364607e-14,2.7773235462833966e-14,1.0102919999894766,2.1907902000077666,2.981744999942748,0.3947164999544839,0.9041379199766187,1.5555579999499969
paired,Mar2015,550.0,swmpc,2,900.0,2.2,0.5575128646675304,1.8910327916964889,-1.29893627949059,2.1925385791525085,7.333390452802934,1500.0,0,38.647223116501884,38.70262522304296,0.500367870554328,0.33006589573839384,0.0,0.0,0.0,0.0,0.0,0.0,0,0,True,1008,0,1.8189894035458565e-12,4.509070894442856e-14,2.3044223489026713e-14,1.0186270000644981,2.1662469699538165,3.6844119999841496,0.39312349997544516,0.8949791799784628,1.638751999962551
paired,May2024,400.0,pid_ff,0,900.0,2.2,2.829028927924158,10.76570470444858,-9.779422548599541,90.1469610393775,10.0,1500.0,0,1591.2762796310365,1591.2714518582532,3.370397170074284,0.0,0.0,0.0,0.0,0.0,0.010416666666666666,0.0,0,0,True,0,0,,,,0.1603679999675478,0.5638766799609114,1.0823730000311116,,,
paired,May2024,400.0,pid_ff,1,900.0,2.2,2.752005630112231,9.415616735816002,-9.415616735816002,90.15057111413277,10.0,1500.0,0,1591.2771178449339,1591.3351767895408,-1.4126383773982525,0.0,0.0,0.0,0.0,0.0,0.015046296296296295,0.0,0,0,True,0,0,,,,0.16436199996405776,0.7644737900511678,1.4127969999435663,,,
paired,May2024,400.0,pid_ff,2,900.0,2.2,2.809900811446242,10.151951933279634,-10.151951933279634,90.13660907891693,10.0,1500.0,0,1591.2784834970437,1591.0887193627714,0.8293907474726439,0.0,0.0,0.0,0.0,0.0,0.016203703703703703,0.0,0,0,True,0,0,,,,0.1589550000176132,0.5846806300394283,0.9563739999975951,,,
paired,May2024,400.0,pid_lowdrag,0,900.0,2.2,2.5255953558789423,9.559341452084482,-8.623404568992555,74.17056599881627,7.538340584793719,1365.5838896601615,0,1309.1909845342602,1309.2566058941268,3.285864003933966,0.2341356111650117,0.0,0.0,0.0,0.0,0.0011574074074074073,0.0,0,0,True,0,0,,,,0.17945199999758188,0.6498604699618226,2.7156179999110464,,,
paired,May2024,400.0,pid_lowdrag,1,900.0,2.2,2.4631976341081447,8.46335037611425,-8.46335037611425,74.17747952580869,7.528251266769022,1361.0267047464783,0,1309.2620274043165,1309.378643265185,-1.060827418230474,0.23412528041357072,0.0,0.0,0.0,0.0,0.004629629629629629,0.0,0,0,True,0,0,,,,0.1741815000286806,0.6789350700228168,1.4740579999852343,,,
paired,May2024,400.0,pid_lowdrag,2,900.0,2.2,2.531978383316794,9.344504631124437,-9.344504631124437,74.15734751782688,7.5270450213152476,1364.5230052341246,0,1309.1889230434745,1309.0232736642592,0.5776579016819596,0.2341362987377964,0.0,0.0,0.0,0.0,0.004629629629629629,0.0,0,0,True,0,0,,,,0.1746375000379885,0.5946589300003773,0.9718810000549638,,,
paired,May2024,400.0,swmpc,0,900.0,2.2,3.6069798774011317,12.69182207994163,-9.133109791204333,72.99650274349365,5.6996769325970025,873.6884824565144,0,1288.1960513313518,1288.5320765330516,3.553046839311719,0.245168165081457,3.5836454928019337,0.0,0.0,3.5836454928019337,0.0,0.0,0,0,True,1008,0,2.0463630789890885e-12,2.12500725638165e-09,5.7914555553034446e-11,1.0220990000107122,2.0501501500564228,3.6440229999925577,0.3669484999591077,1.031287990008421,2.829164999980094
paired,May2024,400.0,swmpc,1,900.0,2.2,3.581459440665186,12.565634373575449,-8.445286782458425,72.98632913987898,5.647365926809227,871.4212853127443,0,1287.9010342703546,1288.352492387267,2.9964288091287017,0.24528516574422254,3.588689553465146,0.0,0.0,3.588689553465146,0.0,0.0,0,0,True,1008,0,2.9558577807620168e-12,5.424473897619463e-09,5.1029012505584205e-11,1.0376075000522178,3.36094704998799,9.563608000007662,0.37927049999098017,1.270471130018219,8.917365000002064
paired,May2024,400.0,swmpc,2,900.0,2.2,3.578904575985843,10.362242015078664,-9.736323208548129,73.026189109064,5.576752743065212,893.6318386675624,0,1289.1934090016439,1289.0560993675167,0.5635566171258688,0.24439827965681205,3.788996643607496,0.0,0.0,3.788996643607496,0.0,0.0,0,0,True,1008,0,3.865352482534945e-12,4.212592045860218e-09,6.196374263615935e-11,1.0252764999449937,2.472606899950732,5.436999000039577,0.36625199999207325,1.1187730100061797,4.759388999900693
paired,May2024,550.0,pid_ff,0,900.0,2.2,1.101974733280717,3.311561136506498,-3.2949685947969556,12.178313210499534,10.0,1500.0,0,214.8680446582752,214.9712194423408,0.6585767902433872,0.0,0.0,0.0,0.0,0.0,0.0,0.0,0,0,True,0,0,,,,0.15992250001772845,0.603249299986145,2.085908000026393,,,
paired,May2024,550.0,pid_ff,1,900.0,2.2,1.0157934704764013,3.397343099117279,-2.864319773390889,12.177213357446236,10.0,1500.0,0,214.86816977434384,214.95180486923954,0.34362233243882656,0.0,0.0,0.0,0.0,0.0,0.0,0.0,0,0,True,0,0,,,,0.1632089999930031,0.7066283099914011,2.429785999993328,,,
paired,May2024,550.0,pid_ff,2,900.0,2.2,1.0661829589772382,3.7224532775580883,-2.876577981747687,12.163278412494677,10.0,1500.0,0,214.8682728987825,214.7058256390028,-0.5630062725394964,0.0,0.0,0.0,0.0,0.0,0.0,0.0,0,0,True,0,0,,,,0.16200300001401047,0.4932527000096341,1.6315810000833153,,,
paired,May2024,550.0,pid_lowdrag,0,900.0,2.2,0.9842842682700339,2.948631964623928,-2.689796417951584,9.076571632810507,7.340932221354343,1352.5933736311317,0,160.12434656076869,160.21937016522236,0.497547872364521,0.3212064142284713,0.0,0.0,0.0,0.0,0.0,0.0,0,0,True,0,0,,,,0.1719280000429535,0.6375757499870349,5.08274399999209,,,
paired,May2024,550.0,pid_lowdrag,1,900.0,2.2,0.9198639335885518,3.041773640550673,-2.5901113115251064,9.074073398022604,7.349202512554246,1352.1791626343313,0,160.1140456045133,160.1752713996933,0.23267160449177027,0.32119322954583673,0.0,0.0,0.0,0.0,0.0,0.0,0,0,True,0,0,,,,0.1731639999889012,0.7132651700021587,3.3403370000542054,,,
paired,May2024,550.0,pid_lowdrag,2,900.0,2.2,0.9386171077265233,3.3334573032334447,-2.6001593116670847,9.065534668740765,7.3426370721850445,1352.2450949926606,0,160.14464547577938,160.0245460065731,-0.39631427451968193,0.32120397278277213,0.0,0.0,0.0,0.0,0.0,0.0,0,0,True,0,0,,,,0.1736860000391971,0.7272680700077672,1.5554249999922831,,,
paired,May2024,550.0,swmpc,0,900.0,2.2,0.971134673696361,3.093225982040167,-2.1242983546108007,9.06871710517178,7.334720824319865,1499.58854346473,0,160.082793241181,160.08072227897785,-0.6057589575648308,0.32121146720895866,0.0,0.0,0.0,0.0,0.0,0.0,0,0,True,1008,0,5.4569682106375694e-12,1.6623474818899804e-13,5.984148856690878e-14,1.001189500016153,2.274665459971167,6.529870000008486,0.37616600002365885,0.8783955299929855,4.083013000013125
paired,May2024,550.0,swmpc,1,900.0,2.2,0.8982267921491638,2.8689880911260843,-2.4139840342104435,9.066135172072782,7.341577914508763,1499.249443024562,0,160.07535609158805,160.03514607337544,-0.5364662325009704,0.3212162275215681,0.0,0.0,0.0,0.0,0.0,0.0,0,0,True,1008,0,4.547473508864641e-12,1.3514456220775624e-13,6.050313901128579e-14,1.0145489999899837,2.4565601200231395,12.662358999932621,0.3769854999973177,0.8847226599948498,5.500711000081537
paired,May2024,550.0,swmpc,2,900.0,2.2,0.9248401932963404,2.869103129953146,-2.181811908259988,9.066141719323113,7.336797866499949,1499.3736962751507,0,160.10001959911366,160.0352616452382,-0.5175905376672745,0.3212180079494147,0.0,0.0,0.0,0.0,0.0,0.0,0,0,True,1008,0,4.092726157978177e-12,1.2870232657391508e-13,7.414095393817024e-14,1.0122099999989587,2.6646826700664343,5.773232000024109,0.3788564999922528,0.8604417200081114,3.0291430000488617
power,May2024,400.0,pid_ff,0,750.0,2.2,2.829028927924158,10.76570470444858,-9.779422548599541,90.1469610393775,10.0,1474.3792355103187,0,1591.2762796310365,1591.2714518582532,3.370397170074284,0.0,0.0,0.0,0.0,0.0,0.010416666666666666,0.0,0,0,True,0,0,,,,0.15980500000978282,0.6522833900521604,2.466213000047901,,,
power,May2024,400.0,pid_ff,1,750.0,2.2,2.752005630112231,9.415616735816002,-9.415616735816002,90.15057111413277,10.0,1472.4751415534058,0,1591.2771178449339,1591.3351767895408,-1.4126383773982525,0.0,0.0,0.0,0.0,0.0,0.015046296296296295,0.0,0,0,True,0,0,,,,0.16016550000585994,0.5500229499614298,1.4046789999611065,,,
power,May2024,400.0,pid_ff,2,750.0,2.2,2.809900811446242,10.151951933279634,-10.151951933279634,90.13660907891693,10.0,1473.9586126047845,0,1591.2784834970437,1591.0887193627714,0.8293907474726439,0.0,0.0,0.0,0.0,0.0,0.016203703703703703,0.0,0,0,True,0,0,,,,0.15901250003480527,0.6201387799819696,1.3602950000404235,,,
power,May2024,400.0,pid_lowdrag,0,750.0,2.2,2.7697937478611343,10.734856695868075,-9.728210288099945,86.92899907555469,8.700222198987362,1300.02203603542,0,1534.46148664811,1534.4680838117274,3.3283102307468653,0.06054321377531313,0.0,0.0,0.0,0.0,0.010416666666666666,0.0,0,0,True,0,0,,,,0.17517100008035413,0.8572531600043457,4.844155000000683,,,
power,May2024,400.0,pid_lowdrag,1,750.0,2.2,2.7033221933450142,9.391383134759963,-9.391383134759963,86.93525599619043,8.675284732590594,1301.6296098392324,0,1534.5144569921829,1534.5785307870692,-1.4655126351863146,0.060567195827547216,0.0,0.0,0.0,0.0,0.015046296296296295,0.0,0,0,True,0,0,,,,0.17567999998391315,0.7279898899787409,1.7155499999716994,,,
power,May2024,400.0,pid_lowdrag,2,750.0,2.2,2.7574645488398892,10.15546022541821,-10.15546022541821,86.91488464852269,8.678186182868016,1293.5233283450984,0,1534.4062697946256,1534.2189363691675,0.6276275683194399,0.06052293864007807,0.0,0.0,0.0,0.0,0.016203703703703703,0.0,0,0,True,0,0,,,,0.17349950002198966,0.6155435799905714,1.8575839999357413,,,
power,May2024,400.0,swmpc,0,750.0,2.2,5.114317499438264,19.103698725812137,-9.147426650859416,85.88716335518521,7.587760330473957,641.6487735141312,0,1515.5725336064165,1516.0776309308258,5.138875689357519,0.06913485241748207,5.425211839854224,4.385219657447521,0.0,5.425211839854224,0.0,0.0,0,0,True,1008,0,7.048583938740194e-12,1.3454568879118597e-13,4.544807508609294e-10,1.1092629999893688,2.43188572000804,3.844153999921218,0.45940600000449194,1.105446309990155,1.8438359999208842
power,May2024,400.0,swmpc,1,750.0,2.2,5.067042919592798,17.72519141342491,-9.963279034942389,85.94547130947105,7.601984813033583,647.2450442631615,0,1516.4984725695472,1517.1068811906487,4.587202437222004,0.06815863608221107,5.37843414902285,3.7928946988591616,0.0,5.37843414902285,0.0,0.0,0,0,True,1008,0,8.185452315956354e-12,2.0039971513121945e-08,5.035161671870475e-10,1.114576500071962,2.3807889299757763,4.0982149999990725,0.4584385000612201,1.1096611399943832,3.1923340000048483
power,May2024,400.0,swmpc,2,750.0,2.2,5.063736970332128,17.30976992007345,-11.31454861164093,85.93604915718139,7.342203126057116,628.8557006160455,0,1516.9175698555725,1516.9405616410922,2.0686113461852074,0.06788229803625467,6.068698008306812,6.068698008306812,0.0,5.544351437657577,0.0,0.0,0,0,True,1008,0,7.958078640513122e-12,1.737527816209087e-08,4.137768435778864e-10,1.110807999964436,2.312935429918068,3.233195000007072,0.4538274999958958,1.1073725299740984,2.03087600004892
power,May2024,400.0,pid_ff,0,600.0,2.2,5652.5152673098255,11048.159972406924,-11048.159972406924,4.707851295825101,10.0,99.91457337483777,794,1714.6879357794194,83.10284983836524,-11048.159972406924,0.0,0.0,0.0,0.0,0.0,0.9178240740740741,0.0,830,796,False,0,0,,,,0.15974200005075545,0.6785892199752613,2.5021059999517092,,,
power,May2024,400.0,pid_ff,1,600.0,2.2,5651.694176712108,11047.053612609394,-11047.053612609394,4.713632867234429,10.0,99.23715192626327,794,1714.6636975125296,83.20490596343672,-11047.053612609394,0.0,0.0,0.0,0.0,0.0,0.9178240740740741,0.0,831,797,False,0,0,,,,0.16135100003111802,1.011088250047569,4.653759000007085,,,
power,May2024,400.0,pid_ff,2,600.0,2.2,5651.229389662674,11046.42730282154,-11046.42730282154,4.715152029074412,10.0,98.8487652964975,794,1714.6500726302759,83.23172216266087,-11046.42730282154,0.0,0.0,0.0,0.0,0.0,0.9178240740740741,0.0,831,797,False,0,0,,,,0.16005250000716842,0.603723209923145,1.081467999938468,,,
power,May2024,400.0,pid_lowdrag,0,600.0,2.2,5652.5152673098255,11048.159972406924,-11048.159972406924,4.707851295825101,10.0,99.91457337483777,794,1714.6879357794194,83.10284983836524,-11048.159972406924,0.0,0.0,0.0,0.0,0.0,0.9178240740740741,0.0,830,796,False,0,0,,,,0.17010850001497602,0.5933451499731738,2.974031999997351,,,
power,May2024,400.0,pid_lowdrag,1,600.0,2.2,5651.694176712108,11047.053612609394,-11047.053612609394,4.713632867234429,10.0,99.23715192626327,794,1714.6636975125296,83.20490596343672,-11047.053612609394,0.0,0.0,0.0,0.0,0.0,0.9178240740740741,0.0,831,797,False,0,0,,,,0.17170450007597537,0.5790826999373166,1.1597669999900972,,,
power,May2024,400.0,pid_lowdrag,2,600.0,2.2,5651.229389662674,11046.42730282154,-11046.42730282154,4.715152029074412,10.0,98.8487652964975,794,1714.6500726302759,83.23172216266087,-11046.42730282154,0.0,0.0,0.0,0.0,0.0,0.9178240740740741,0.0,831,797,False,0,0,,,,0.17025500000045213,0.5673359600370984,3.3104159999766125,,,
power,May2024,400.0,swmpc,0,600.0,2.2,1267.1948131807642,2308.876792876981,-2308.876792876981,2.3992156198902777,2.0000000000000004,0.0,827,382.6477480196593,42.350882145834845,-2308.876792876981,0.9286821729503272,2729.637540968566,2502.426546671376,2729.637540968566,56.77922622058756,0.0,40019.626506094915,863,830,False,1008,0,1.7553247744217515e-10,3.1822687413640676e-12,1.0916293119880748e-05,1.2547684999617559,4.261501790003869,22.8979870000785,0.6121635000226888,2.321245289996321,22.196053000016036
power,May2024,400.0,swmpc,1,600.0,2.2,1272.9070066681716,2315.7353566763923,-2315.7353566763923,2.3395228356460773,2.0000000000000004,0.0,828,382.595088834527,41.29718690914018,-2315.7353566763923,0.9288112636508963,2729.648638347112,2510.4283905146285,2729.648638347112,56.315794420970846,0.0,40024.75044431635,864,832,False,1008,0,1.7325874068774283e-10,3.931072820164941e-06,1.051297669913062e-05,1.2365199999635479,3.8430451200281253,5.819377999955577,0.6077220000406669,2.181892460070002,5.245629000000918
power,May2024,400.0,swmpc,2,600.0,2.2,1257.3628590878068,2297.06807364244,-2297.06807364244,2.5284513022636332,2.0000000000000004,0.0,824,383.3395394193409,44.632146534018915,-2297.06807364244,0.9275997261002811,2729.612292459367,2487.0053070654417,2729.612292459367,58.33970480135289,0.0,39972.84261060778,861,827,False,1008,0,1.9599610823206604e-10,2.3243124475221425e-12,1.1185912156918395e-05,1.2302579999641239,2.3049095499743517,7.191520999981549,0.6040464999728101,1.2848411199786363,3.0623769999920114
Cd,May2024,400.0,pid_ff,0,900.0,1.8,2.5111639652096134,9.089235092513263,-8.465126041322947,73.76096849217969,10.0,1500.0,0,1301.9516030386517,1302.0264029949049,3.333831080235541,0.0,0.0,0.0,0.0,0.0,0.0,0.0,0,0,True,0,0,,,,0.16467599999714366,0.9473047700407707,4.0001009999741655,,,
Cd,May2024,400.0,pid_ff,1,900.0,1.8,2.4552807279350435,8.377917535603046,-8.377917535603046,73.76427233298003,10.0,1500.0,0,1301.951732355801,1302.0847222935954,-0.8853842662647367,0.0,0.0,0.0,0.0,0.0,0.0011574074074074073,0.0,0,0,True,0,0,,,,0.1660485000911649,0.6310049299941054,2.049228000032599,,,
Cd,May2024,400.0,pid_ff,2,900.0,1.8,2.5278314771291726,9.435424648225307,-9.23976909276098,73.74795325155486,10.0,1500.0,0,1301.9531041733305,1301.7966583578452,0.6258776178583503,0.0,0.0,0.0,0.0,0.0,0.0023148148148148147,0.0,0,0,True,0,0,,,,0.16396449996136653,0.7575774600741157,5.290028999979768,,,
Cd,May2024,400.0,pid_lowdrag,0,900.0,1.8,2.2013170413403875,8.037876365706325,-7.260582586750388,59.362761807330614,7.492526605098436,1363.7801633627646,0,1047.748065460286,1047.8696905401398,3.1592063065618277,0.2539439198219706,0.0,0.0,0.0,0.0,0.0,0.0,0,0,True,0,0,,,,0.17528500001162683,0.7376442399743144,3.056939000089187,,,
Cd,May2024,400.0,pid_lowdrag,1,900.0,1.8,2.1707041614775546,7.459414470940828,-7.459414470940828,59.370019826028944,7.486765677864612,1359.9075891808895,0,1047.8317265016833,1047.9978088684627,-0.6187599478289485,0.2539275632104707,0.0,0.0,0.0,0.0,0.0,0.0,0,0,True,0,0,,,,0.173621499982346,0.8727720899958051,3.5158949999640754,,,
Cd,May2024,400.0,pid_lowdrag,2,900.0,1.8,2.240940191626973,8.714918306097388,-8.35842265188694,59.34878478866492,7.481989183711265,1362.8606850113606,0,1047.7737595393874,1047.6229686259658,0.3280433304607868,0.25394240654020395,0.0,0.0,0.0,0.0,0.0,0.0,0,0,True,0,0,,,,0.18031549996067042,1.485942210042581,3.368152000007285,,,
Cd,May2024,400.0,swmpc,0,900.0,1.8,2.6281807003123947,8.649549188092351,-7.459668844938278,58.781570218934135,6.166104065994102,926.4562705057178,0,1037.3493572517575,1037.6105140575248,3.0275687146931887,0.25756465674049944,1.462554398897147,0.0,0.0,1.462554398897147,0.0,0.0,0,0,True,1008,0,1.3642420526593924e-12,1.2738610166707072e-13,3.648546085053068e-11,0.9758395000289966,2.0219084399491294,2.5295899999946414,0.32882100003917003,0.9218124799565424,1.9459539998933906
Cd,May2024,400.0,swmpc,1,900.0,1.8,2.5795743202797317,8.531975599937141,-6.940875444561243,58.77748400783299,6.451539947799531,934.3083891002443,0,1037.190257255471,1037.5383843817356,2.520518707111478,0.25745371080122703,1.455478813119733,0.0,0.0,1.455478813119733,0.0,0.0,0,0,True,1008,0,1.1368683772161603e-12,1.2462017567178885e-13,4.50722116219789e-11,0.9860635000222828,2.0879036299970695,4.768906999970568,0.3323434999629171,0.8808057600094781,1.6918950000217592
Cd,May2024,400.0,swmpc,2,900.0,1.8,2.635182488694946,7.945505803450942,-7.945505803450942,58.783145003028785,6.348463005891343,930.8748351373949,0,1037.8135396099765,1037.6383120991218,0.17876700777560472,0.25701394337667294,1.6880323318284665,0.0,0.0,1.6880323318284665,0.0,0.0,0,0,True,1008,0,2.7284841053187847e-12,1.4222223398974156e-13,4.405500333888181e-11,0.982623500021873,1.964475180013777,2.9324120000637777,0.33269600004359745,0.7943462300170262,2.2102140000015424
Cd,May2024,400.0,pid_ff,0,900.0,2.6,3.1568327367759537,9.826306780800223,-9.69345876853913,106.53264774328576,10.0,1500.0,0,1880.6113268495826,1880.511101985091,3.3023388609290123,0.0,0.0,0.0,0.0,0.0,0.08564814814814815,0.0,0,0,True,0,0,,,,0.16077300000461037,0.6154123200417407,1.1361179999767046,,,
Cd,May2024,400.0,pid_ff,1,900.0,2.6,3.1138634563386978,10.289048472419381,-10.289048472419381,106.5371688642943,10.0,1500.0,0,1880.6119164016666,1880.5909086774902,-2.431927007623017,0.0,0.0,0.0,0.0,0.0,0.08101851851851852,0.0,0,0,True,0,0,,,,0.16184600002588923,0.5642297000258623,1.4091550000330244,,,
Cd,May2024,400.0,pid_ff,2,900.0,2.6,3.2158473175715794,13.284593062475324,-13.284593062475324,106.52470019929872,10.0,1500.0,0,1880.613431118449,1880.3708121770314,0.9359627654775977,0.0,0.0,0.0,0.0,0.0,0.07523148148148148,0.0,0,0,True,0,0,,,,0.15998800000716074,0.5846133899240148,2.402700000061486,,,
Cd,May2024,400.0,pid_lowdrag,0,900.0,2.6,2.79860316494325,11.282992181368172,-9.148439117707312,89.66765139548107,7.593466068669757,1367.6574798911963,0,1582.8184879009505,1582.8106924035078,3.29447403550148,0.21341086208776971,0.0,0.0,0.0,0.0,0.034722222222222224,0.0,0,0,True,0,0,,,,0.17152049997548602,0.6191960000580801,1.5325120000397874,,,
Cd,May2024,400.0,pid_lowdrag,1,900.0,2.6,2.744275165898169,9.4244584152475,-9.4244584152475,89.67657635181698,7.571677983814643,1362.126885198734,0,1582.9208661679122,1582.9682354649733,-1.6142745250836015,0.2133926042155635,0.0,0.0,0.0,0.0,0.03125,0.0,0,0,True,0,0,,,,0.17102100002830412,0.5288432700331214,1.4783440000201153,,,
Cd,May2024,400.0,pid_lowdrag,2,900.0,2.6,2.8496124877314686,10.618480685167015,-10.618480685167015,89.66345680514958,7.575071464974979,1366.1972960271526,0,1582.9345917527094,1582.7366496208065,0.7508604116737843,0.21339565129081572,0.0,0.0,0.0,0.0,0.03587962962962963,0.0,0,0,True,0,0,,,,0.1713275000270187,0.5876601599641154,1.2111380000305871,,,
Cd,May2024,400.0,swmpc,0,900.0,2.6,5.0883732520153755,16.3124723341316,-9.652588861994445,88.23900157365742,6.171593184588148,824.7098594773106,0,1557.0596565835585,1557.5922086081628,5.095910637639463,0.2246982792196346,5.640125204573215,2.1912034069932025,0.0,5.640125204573215,0.0,0.0,0,0,True,1008,0,8.185452315956354e-12,1.6409909937695563e-13,3.532828116762551e-10,1.0657919999630394,2.1415725399754133,2.990430999943783,0.42212549999476323,1.1016190000452744,1.7320140000265383
Cd,May2024,400.0,swmpc,1,900.0,2.6,5.082834249944336,16.41095142904669,-10.429465842433274,88.40127728376046,6.1997475517016145,822.5215652886434,0,1559.8000916753913,1560.4566945746135,4.638098834082484,0.22178334953365686,5.640559312547729,1.5690381349234517,0.0,5.640559312547729,0.0,0.0,0,0,True,1008,0,9.322320693172514e-12,1.4368912436586427e-13,2.819562614015649e-10,1.0717244999796094,2.3991271399586336,5.665367000005972,0.42919100002336563,1.0942594499431377,2.100408999922365
Cd,May2024,400.0,swmpc,2,900.0,2.6,5.048054839577015,15.171450570225716,-11.775028547272086,88.33274425633397,6.256281864899542,840.0088381466444,0,1559.209926574874,1559.2469516304773,2.3073931764811277,0.22271130191537858,5.770220543495781,1.2511030961743417,0.0,5.770220543495781,0.0,0.0,0,0,True,1008,0,8.185452315956354e-12,1.3934546506077655e-13,2.9615401641907286e-10,1.0645550000276671,2.1945556500770618,10.079971999971349,0.4249605000268275,1.0004237599673613,9.447712999985924
